/Users/Chaiyong/Downloads/isics_results/lmd_2000_x_2_10-08-17_01-51-39.csv,0.710350090156924
/Users/Chaiyong/Downloads/isics_results/lmd_2000_x_3_10-08-17_01-51-45.csv,0.6963041675660543
/Users/Chaiyong/Downloads/isics_results/lmd_2000_x_4_10-08-17_01-51-50.csv,0.636018817276493
/Users/Chaiyong/Downloads/isics_results/lmd_2000_x_5_10-08-17_01-51-54.csv,0.5833659296660545
/Users/Chaiyong/Downloads/isics_results/lmd_2000_s_2_10-08-17_01-51-57.csv,0.641200522253034
/Users/Chaiyong/Downloads/isics_results/lmd_2000_s_3_10-08-17_01-52-01.csv,0.6442325571673658
/Users/Chaiyong/Downloads/isics_results/lmd_2000_s_4_10-08-17_01-52-05.csv,0.6093736284296789
/Users/Chaiyong/Downloads/isics_results/lmd_2000_s_5_10-08-17_01-52-07.csv,0.5611944634747369
/Users/Chaiyong/Downloads/isics_results/lmd_2000_w_2_10-08-17_01-52-10.csv,0.8174132351258316
/Users/Chaiyong/Downloads/isics_results/lmd_2000_w_3_10-08-17_01-52-13.csv,0.8462370945006805
/Users/Chaiyong/Downloads/isics_results/lmd_2000_w_4_10-08-17_01-52-17.csv,0.8470466606611131
/Users/Chaiyong/Downloads/isics_results/lmd_2000_w_5_10-08-17_01-52-21.csv,0.8339917745222067
/Users/Chaiyong/Downloads/isics_results/lmd_2000_ws_2_10-08-17_01-52-25.csv,0.7335691273005471
/Users/Chaiyong/Downloads/isics_results/lmd_2000_ws_3_10-08-17_01-52-29.csv,0.7935789785427008
/Users/Chaiyong/Downloads/isics_results/lmd_2000_ws_4_10-08-17_01-52-32.csv,0.8076127825511827
/Users/Chaiyong/Downloads/isics_results/lmd_2000_ws_5_10-08-17_01-52-36.csv,0.8049088155643805
/Users/Chaiyong/Downloads/isics_results/lmd_2000_p_2_10-08-17_01-52-39.csv,0.7107632771146549
/Users/Chaiyong/Downloads/isics_results/lmd_2000_p_3_10-08-17_01-52-43.csv,0.6967979584960575
/Users/Chaiyong/Downloads/isics_results/lmd_2000_p_4_10-08-17_01-52-46.csv,0.6360659788794863
/Users/Chaiyong/Downloads/isics_results/lmd_2000_p_5_10-08-17_01-52-49.csv,0.5842626388397774
/Users/Chaiyong/Downloads/isics_results/lmd_2000_ps_2_10-08-17_01-52-51.csv,0.6409344930883519
/Users/Chaiyong/Downloads/isics_results/lmd_2000_ps_3_10-08-17_01-52-55.csv,0.6437352907971715
/Users/Chaiyong/Downloads/isics_results/lmd_2000_ps_4_10-08-17_01-52-58.csv,0.6085453713312745
/Users/Chaiyong/Downloads/isics_results/lmd_2000_ps_5_10-08-17_01-53-01.csv,0.5620842995487301
/Users/Chaiyong/Downloads/isics_results/lmd_2000_pw_2_10-08-17_01-53-04.csv,0.8195367568702089
/Users/Chaiyong/Downloads/isics_results/lmd_2000_pw_3_10-08-17_01-53-07.csv,0.8414784370087622
/Users/Chaiyong/Downloads/isics_results/lmd_2000_pw_4_10-08-17_01-53-11.csv,0.8458966410481463
/Users/Chaiyong/Downloads/isics_results/lmd_2000_pw_5_10-08-17_01-53-15.csv,0.8336972397526888
/Users/Chaiyong/Downloads/isics_results/lmd_2000_pws_2_10-08-17_01-53-19.csv,0.7437684303210452
/Users/Chaiyong/Downloads/isics_results/lmd_2000_pws_3_10-08-17_01-53-23.csv,0.7977480436157844
/Users/Chaiyong/Downloads/isics_results/lmd_2000_pws_4_10-08-17_01-53-26.csv,0.8141451895090878
/Users/Chaiyong/Downloads/isics_results/lmd_2000_pws_5_10-08-17_01-53-30.csv,0.8048565462475118
/Users/Chaiyong/Downloads/isics_results/lmd_2000_k_2_10-08-17_01-53-33.csv,0.6935709026319523
/Users/Chaiyong/Downloads/isics_results/lmd_2000_k_3_10-08-17_01-53-36.csv,0.6924798219689943
/Users/Chaiyong/Downloads/isics_results/lmd_2000_k_4_10-08-17_01-53-39.csv,0.6397514907351022
/Users/Chaiyong/Downloads/isics_results/lmd_2000_k_5_10-08-17_01-53-42.csv,0.5843405292606821
/Users/Chaiyong/Downloads/isics_results/lmd_2000_ks_2_10-08-17_01-53-45.csv,0.6193147113035411
/Users/Chaiyong/Downloads/isics_results/lmd_2000_ks_3_10-08-17_01-53-48.csv,0.6367660378002454
/Users/Chaiyong/Downloads/isics_results/lmd_2000_ks_4_10-08-17_01-53-52.csv,0.6034167532328202
/Users/Chaiyong/Downloads/isics_results/lmd_2000_ks_5_10-08-17_01-53-55.csv,0.557743234407717
/Users/Chaiyong/Downloads/isics_results/lmd_2000_kw_2_10-08-17_01-53-57.csv,0.7558683186002512
/Users/Chaiyong/Downloads/isics_results/lmd_2000_kw_3_10-08-17_01-54-01.csv,0.8373031751465758
/Users/Chaiyong/Downloads/isics_results/lmd_2000_kw_4_10-08-17_01-54-04.csv,0.8428279661689124
/Users/Chaiyong/Downloads/isics_results/lmd_2000_kw_5_10-08-17_01-54-07.csv,0.8367343606926458
/Users/Chaiyong/Downloads/isics_results/lmd_2000_kws_2_10-08-17_01-54-11.csv,0.623852818881715
/Users/Chaiyong/Downloads/isics_results/lmd_2000_kws_3_10-08-17_01-54-14.csv,0.7789527054851736
/Users/Chaiyong/Downloads/isics_results/lmd_2000_kws_4_10-08-17_01-54-18.csv,0.7990813403104252
/Users/Chaiyong/Downloads/isics_results/lmd_2000_kws_5_10-08-17_01-54-21.csv,0.8001423543136488
/Users/Chaiyong/Downloads/isics_results/lmd_2000_kp_2_10-08-17_01-54-25.csv,0.6929241538266923
/Users/Chaiyong/Downloads/isics_results/lmd_2000_kp_3_10-08-17_01-54-28.csv,0.6931450652092502
/Users/Chaiyong/Downloads/isics_results/lmd_2000_kp_4_10-08-17_01-54-31.csv,0.639542379440874
/Users/Chaiyong/Downloads/isics_results/lmd_2000_kp_5_10-08-17_01-54-34.csv,0.5843405292606821
/Users/Chaiyong/Downloads/isics_results/lmd_2000_kps_2_10-08-17_01-54-37.csv,0.6180300086042749
/Users/Chaiyong/Downloads/isics_results/lmd_2000_kps_3_10-08-17_01-54-42.csv,0.6356326939745078
/Users/Chaiyong/Downloads/isics_results/lmd_2000_kps_4_10-08-17_01-54-45.csv,0.6029898765758657
/Users/Chaiyong/Downloads/isics_results/lmd_2000_kps_5_10-08-17_01-54-48.csv,0.557413893082222
/Users/Chaiyong/Downloads/isics_results/lmd_2000_kpw_2_10-08-17_01-54-50.csv,0.7531537754534211
/Users/Chaiyong/Downloads/isics_results/lmd_2000_kpw_3_10-08-17_01-54-53.csv,0.8362203338761733
/Users/Chaiyong/Downloads/isics_results/lmd_2000_kpw_4_10-08-17_01-54-57.csv,0.8406678376098475
/Users/Chaiyong/Downloads/isics_results/lmd_2000_kpw_5_10-08-17_01-55-01.csv,0.8336422895659618
/Users/Chaiyong/Downloads/isics_results/lmd_2000_kpws_2_10-08-17_01-55-04.csv,0.6341718673657353
/Users/Chaiyong/Downloads/isics_results/lmd_2000_kpws_3_10-08-17_01-55-07.csv,0.7849720410235663
/Users/Chaiyong/Downloads/isics_results/lmd_2000_kpws_4_10-08-17_01-55-11.csv,0.8065577022658255
/Users/Chaiyong/Downloads/isics_results/lmd_2000_kpws_5_10-08-17_01-55-14.csv,0.8051025902280227
/Users/Chaiyong/Downloads/isics_results/lmd_2000_j_2_10-08-17_01-55-17.csv,0.7033236751186788
/Users/Chaiyong/Downloads/isics_results/lmd_2000_j_3_10-08-17_01-55-21.csv,0.690219309826205
/Users/Chaiyong/Downloads/isics_results/lmd_2000_j_4_10-08-17_01-55-24.csv,0.6403831657497031
/Users/Chaiyong/Downloads/isics_results/lmd_2000_j_5_10-08-17_01-55-26.csv,0.5854380725292502
/Users/Chaiyong/Downloads/isics_results/lmd_2000_js_2_10-08-17_01-55-28.csv,0.6279225530821122
/Users/Chaiyong/Downloads/isics_results/lmd_2000_js_3_10-08-17_01-55-32.csv,0.6336209417619056
/Users/Chaiyong/Downloads/isics_results/lmd_2000_js_4_10-08-17_01-55-35.csv,0.6106678935473944
/Users/Chaiyong/Downloads/isics_results/lmd_2000_js_5_10-08-17_01-55-37.csv,0.5608093036289991
/Users/Chaiyong/Downloads/isics_results/lmd_2000_jw_2_10-08-17_01-55-40.csv,0.8132681948942393
/Users/Chaiyong/Downloads/isics_results/lmd_2000_jw_3_10-08-17_01-55-43.csv,0.8449786596085413
/Users/Chaiyong/Downloads/isics_results/lmd_2000_jw_4_10-08-17_01-55-46.csv,0.8471290148076376
/Users/Chaiyong/Downloads/isics_results/lmd_2000_jw_5_10-08-17_01-55-49.csv,0.8326729335183025
/Users/Chaiyong/Downloads/isics_results/lmd_2000_jws_2_10-08-17_01-55-52.csv,0.7291403140361402
/Users/Chaiyong/Downloads/isics_results/lmd_2000_jws_3_10-08-17_01-55-55.csv,0.7965608065022648
/Users/Chaiyong/Downloads/isics_results/lmd_2000_jws_4_10-08-17_01-55-59.csv,0.8127048856523981
/Users/Chaiyong/Downloads/isics_results/lmd_2000_jws_5_10-08-17_01-56-02.csv,0.8072209999306136
/Users/Chaiyong/Downloads/isics_results/lmd_2000_jp_2_10-08-17_01-56-05.csv,0.7015648831254223
/Users/Chaiyong/Downloads/isics_results/lmd_2000_jp_3_10-08-17_01-56-08.csv,0.6914914621441973
/Users/Chaiyong/Downloads/isics_results/lmd_2000_jp_4_10-08-17_01-56-11.csv,0.6407358645114536
/Users/Chaiyong/Downloads/isics_results/lmd_2000_jp_5_10-08-17_01-56-13.csv,0.5852297835380716
/Users/Chaiyong/Downloads/isics_results/lmd_2000_jps_2_10-08-17_01-56-15.csv,0.6272521309457181
/Users/Chaiyong/Downloads/isics_results/lmd_2000_jps_3_10-08-17_01-56-19.csv,0.6339653048213888
/Users/Chaiyong/Downloads/isics_results/lmd_2000_jps_4_10-08-17_01-56-21.csv,0.609909440889906
/Users/Chaiyong/Downloads/isics_results/lmd_2000_jps_5_10-08-17_01-56-24.csv,0.5605634549949197
/Users/Chaiyong/Downloads/isics_results/lmd_2000_jpw_2_10-08-17_01-56-26.csv,0.8199251201429885
/Users/Chaiyong/Downloads/isics_results/lmd_2000_jpw_3_10-08-17_01-56-29.csv,0.8448903994099083
/Users/Chaiyong/Downloads/isics_results/lmd_2000_jpw_4_10-08-17_01-56-33.csv,0.8470585700124502
/Users/Chaiyong/Downloads/isics_results/lmd_2000_jpw_5_10-08-17_01-56-36.csv,0.8355062193072896
/Users/Chaiyong/Downloads/isics_results/lmd_2000_jpws_2_10-08-17_01-56-39.csv,0.7392297637728011
/Users/Chaiyong/Downloads/isics_results/lmd_2000_jpws_3_10-08-17_01-56-42.csv,0.8030537360658243
/Users/Chaiyong/Downloads/isics_results/lmd_2000_jpws_4_10-08-17_01-56-45.csv,0.8181790504604575
/Users/Chaiyong/Downloads/isics_results/lmd_2000_jpws_5_10-08-17_01-56-48.csv,0.8083647253247449
/Users/Chaiyong/Downloads/isics_results/lmd_2000_jk_2_10-08-17_01-56-51.csv,0.6846252854828252
/Users/Chaiyong/Downloads/isics_results/lmd_2000_jk_3_10-08-17_01-56-54.csv,0.6880412583111548
/Users/Chaiyong/Downloads/isics_results/lmd_2000_jk_4_10-08-17_01-56-57.csv,0.637255226968015
/Users/Chaiyong/Downloads/isics_results/lmd_2000_jk_5_10-08-17_01-57-00.csv,0.5853025034873509
/Users/Chaiyong/Downloads/isics_results/lmd_2000_jks_2_10-08-17_01-57-02.csv,0.6040682016257072
/Users/Chaiyong/Downloads/isics_results/lmd_2000_jks_3_10-08-17_01-57-05.csv,0.6242507910538537
/Users/Chaiyong/Downloads/isics_results/lmd_2000_jks_4_10-08-17_01-57-08.csv,0.5991832744878007
/Users/Chaiyong/Downloads/isics_results/lmd_2000_jks_5_10-08-17_01-57-10.csv,0.5603248604141129
/Users/Chaiyong/Downloads/isics_results/lmd_2000_jkw_2_10-08-17_01-57-13.csv,0.7440515756789666
/Users/Chaiyong/Downloads/isics_results/lmd_2000_jkw_3_10-08-17_01-57-16.csv,0.8443648001313012
/Users/Chaiyong/Downloads/isics_results/lmd_2000_jkw_4_10-08-17_01-57-19.csv,0.8480432719491372
/Users/Chaiyong/Downloads/isics_results/lmd_2000_jkw_5_10-08-17_01-57-22.csv,0.836489108147623
/Users/Chaiyong/Downloads/isics_results/lmd_2000_jkws_2_10-08-17_01-57-25.csv,0.6001508546067903
/Users/Chaiyong/Downloads/isics_results/lmd_2000_jkws_3_10-08-17_01-57-28.csv,0.7867693337398806
/Users/Chaiyong/Downloads/isics_results/lmd_2000_jkws_4_10-08-17_01-57-31.csv,0.8071279001963975
/Users/Chaiyong/Downloads/isics_results/lmd_2000_jkws_5_10-08-17_01-57-34.csv,0.8057800148266785
/Users/Chaiyong/Downloads/isics_results/lmd_2000_jkp_2_10-08-17_01-57-37.csv,0.6829235180908071
/Users/Chaiyong/Downloads/isics_results/lmd_2000_jkp_3_10-08-17_01-57-40.csv,0.6883427757355902
/Users/Chaiyong/Downloads/isics_results/lmd_2000_jkp_4_10-08-17_01-57-43.csv,0.6379631907417399
/Users/Chaiyong/Downloads/isics_results/lmd_2000_jkp_5_10-08-17_01-57-46.csv,0.5850276172136755
/Users/Chaiyong/Downloads/isics_results/lmd_2000_jkps_2_10-08-17_01-57-48.csv,0.6022799971142136
/Users/Chaiyong/Downloads/isics_results/lmd_2000_jkps_3_10-08-17_01-57-51.csv,0.6248948799044477
/Users/Chaiyong/Downloads/isics_results/lmd_2000_jkps_4_10-08-17_01-57-54.csv,0.5988577412977039
/Users/Chaiyong/Downloads/isics_results/lmd_2000_jkps_5_10-08-17_01-57-57.csv,0.5601277765604895
/Users/Chaiyong/Downloads/isics_results/lmd_2000_jkpw_2_10-08-17_01-57-59.csv,0.740417411343919
/Users/Chaiyong/Downloads/isics_results/lmd_2000_jkpw_3_10-08-17_01-58-02.csv,0.845471111302769
/Users/Chaiyong/Downloads/isics_results/lmd_2000_jkpw_4_10-08-17_01-58-05.csv,0.8465195860031965
/Users/Chaiyong/Downloads/isics_results/lmd_2000_jkpw_5_10-08-17_01-58-09.csv,0.8397385145482772
/Users/Chaiyong/Downloads/isics_results/lmd_2000_jkpws_2_10-08-17_01-58-11.csv,0.6114880037402695
/Users/Chaiyong/Downloads/isics_results/lmd_2000_jkpws_3_10-08-17_01-58-14.csv,0.7954511123898075
/Users/Chaiyong/Downloads/isics_results/lmd_2000_jkpws_4_10-08-17_01-58-18.csv,0.8109525264989509
/Users/Chaiyong/Downloads/isics_results/lmd_2000_jkpws_5_10-08-17_01-58-21.csv,0.8108240638196076
/Users/Chaiyong/Downloads/isics_results/lmd_2000_d_2_10-08-17_01-58-24.csv,0.7088997173275232
/Users/Chaiyong/Downloads/isics_results/lmd_2000_d_3_10-08-17_01-58-27.csv,0.6958319462738396
/Users/Chaiyong/Downloads/isics_results/lmd_2000_d_4_10-08-17_01-58-30.csv,0.6342023425960752
/Users/Chaiyong/Downloads/isics_results/lmd_2000_d_5_10-08-17_01-58-32.csv,0.5834307088303604
/Users/Chaiyong/Downloads/isics_results/lmd_2000_ds_2_10-08-17_01-58-34.csv,0.6375578539993834
/Users/Chaiyong/Downloads/isics_results/lmd_2000_ds_3_10-08-17_01-58-38.csv,0.6421351412043362
/Users/Chaiyong/Downloads/isics_results/lmd_2000_ds_4_10-08-17_01-58-41.csv,0.6116985282343292
/Users/Chaiyong/Downloads/isics_results/lmd_2000_ds_5_10-08-17_01-58-43.csv,0.5602372425054412
/Users/Chaiyong/Downloads/isics_results/lmd_2000_dw_2_10-08-17_01-58-45.csv,0.8152246614918114
/Users/Chaiyong/Downloads/isics_results/lmd_2000_dw_3_10-08-17_01-58-49.csv,0.8458074437807397
/Users/Chaiyong/Downloads/isics_results/lmd_2000_dw_4_10-08-17_01-58-52.csv,0.8490641662741405
/Users/Chaiyong/Downloads/isics_results/lmd_2000_dw_5_10-08-17_01-58-55.csv,0.8350022823056754
/Users/Chaiyong/Downloads/isics_results/lmd_2000_dws_2_10-08-17_01-58-58.csv,0.7241765722035876
/Users/Chaiyong/Downloads/isics_results/lmd_2000_dws_3_10-08-17_01-59-01.csv,0.786841605272558
/Users/Chaiyong/Downloads/isics_results/lmd_2000_dws_4_10-08-17_01-59-04.csv,0.8039746619639245
/Users/Chaiyong/Downloads/isics_results/lmd_2000_dws_5_10-08-17_01-59-07.csv,0.8006353939159047
/Users/Chaiyong/Downloads/isics_results/lmd_2000_dp_2_10-08-17_01-59-11.csv,0.7091778677224718
/Users/Chaiyong/Downloads/isics_results/lmd_2000_dp_3_10-08-17_01-59-14.csv,0.6963257372038428
/Users/Chaiyong/Downloads/isics_results/lmd_2000_dp_4_10-08-17_01-59-17.csv,0.6342495041990688
/Users/Chaiyong/Downloads/isics_results/lmd_2000_dp_5_10-08-17_01-59-19.csv,0.5843274180040834
/Users/Chaiyong/Downloads/isics_results/lmd_2000_dps_2_10-08-17_01-59-22.csv,0.6368153558593559
/Users/Chaiyong/Downloads/isics_results/lmd_2000_dps_3_10-08-17_01-59-25.csv,0.6414345524827735
/Users/Chaiyong/Downloads/isics_results/lmd_2000_dps_4_10-08-17_01-59-28.csv,0.6112411602588941
/Users/Chaiyong/Downloads/isics_results/lmd_2000_dps_5_10-08-17_01-59-31.csv,0.5610965034662702
/Users/Chaiyong/Downloads/isics_results/lmd_2000_dpw_2_10-08-17_01-59-33.csv,0.8193896306690827
/Users/Chaiyong/Downloads/isics_results/lmd_2000_dpw_3_10-08-17_01-59-36.csv,0.8414233933062921
/Users/Chaiyong/Downloads/isics_results/lmd_2000_dpw_4_10-08-17_01-59-39.csv,0.8480185791606603
/Users/Chaiyong/Downloads/isics_results/lmd_2000_dpw_5_10-08-17_01-59-43.csv,0.8325274387508439
/Users/Chaiyong/Downloads/isics_results/lmd_2000_dpws_2_10-08-17_01-59-46.csv,0.7368326084505695
/Users/Chaiyong/Downloads/isics_results/lmd_2000_dpws_3_10-08-17_01-59-50.csv,0.7925578239099944
/Users/Chaiyong/Downloads/isics_results/lmd_2000_dpws_4_10-08-17_01-59-53.csv,0.8125818691587717
/Users/Chaiyong/Downloads/isics_results/lmd_2000_dpws_5_10-08-17_01-59-57.csv,0.8071181599927297
/Users/Chaiyong/Downloads/isics_results/lmd_2000_dk_2_10-08-17_02-00-00.csv,0.6917373416275756
/Users/Chaiyong/Downloads/isics_results/lmd_2000_dk_3_10-08-17_02-00-04.csv,0.6902790690461796
/Users/Chaiyong/Downloads/isics_results/lmd_2000_dk_4_10-08-17_02-00-07.csv,0.6401961988349465
/Users/Chaiyong/Downloads/isics_results/lmd_2000_dk_5_10-08-17_02-00-10.csv,0.5845790699647827
/Users/Chaiyong/Downloads/isics_results/lmd_2000_dks_2_10-08-17_02-00-12.csv,0.615024941583815
/Users/Chaiyong/Downloads/isics_results/lmd_2000_dks_3_10-08-17_02-00-16.csv,0.6344779190649976
/Users/Chaiyong/Downloads/isics_results/lmd_2000_dks_4_10-08-17_02-00-20.csv,0.6029913042751112
/Users/Chaiyong/Downloads/isics_results/lmd_2000_dks_5_10-08-17_02-00-22.csv,0.5564563798359019
/Users/Chaiyong/Downloads/isics_results/lmd_2000_dkw_2_10-08-17_02-00-25.csv,0.7471894714981318
/Users/Chaiyong/Downloads/isics_results/lmd_2000_dkw_3_10-08-17_02-00-28.csv,0.8353073196789991
/Users/Chaiyong/Downloads/isics_results/lmd_2000_dkw_4_10-08-17_02-00-32.csv,0.8403607618818484
/Users/Chaiyong/Downloads/isics_results/lmd_2000_dkw_5_10-08-17_02-00-35.csv,0.834199253701015
/Users/Chaiyong/Downloads/isics_results/lmd_2000_dkws_2_10-08-17_02-00-39.csv,0.6056247279047959
/Users/Chaiyong/Downloads/isics_results/lmd_2000_dkws_3_10-08-17_02-00-42.csv,0.7676114718630619
/Users/Chaiyong/Downloads/isics_results/lmd_2000_dkws_4_10-08-17_02-00-45.csv,0.7912581323408608
/Users/Chaiyong/Downloads/isics_results/lmd_2000_dkws_5_10-08-17_02-00-49.csv,0.7945556592050136
/Users/Chaiyong/Downloads/isics_results/lmd_2000_dkp_2_10-08-17_02-00-52.csv,0.6917476142616635
/Users/Chaiyong/Downloads/isics_results/lmd_2000_dkp_3_10-08-17_02-00-55.csv,0.6908497334476198
/Users/Chaiyong/Downloads/isics_results/lmd_2000_dkp_4_10-08-17_02-00-59.csv,0.6399870875407184
/Users/Chaiyong/Downloads/isics_results/lmd_2000_dkp_5_10-08-17_02-01-02.csv,0.5845790699647827
/Users/Chaiyong/Downloads/isics_results/lmd_2000_dkps_2_10-08-17_02-01-04.csv,0.6140907457390541
/Users/Chaiyong/Downloads/isics_results/lmd_2000_dkps_3_10-08-17_02-01-07.csv,0.6332125607999708
/Users/Chaiyong/Downloads/isics_results/lmd_2000_dkps_4_10-08-17_02-01-11.csv,0.6026562973796056
/Users/Chaiyong/Downloads/isics_results/lmd_2000_dkps_5_10-08-17_02-01-13.csv,0.5560643128636814
/Users/Chaiyong/Downloads/isics_results/lmd_2000_dkpw_2_10-08-17_02-01-16.csv,0.7443753504468238
/Users/Chaiyong/Downloads/isics_results/lmd_2000_dkpw_3_10-08-17_02-01-19.csv,0.8341829962054497
/Users/Chaiyong/Downloads/isics_results/lmd_2000_dkpw_4_10-08-17_02-01-23.csv,0.8403799755291805
/Users/Chaiyong/Downloads/isics_results/lmd_2000_dkpw_5_10-08-17_02-01-26.csv,0.8310755075022485
/Users/Chaiyong/Downloads/isics_results/lmd_2000_dkpws_2_10-08-17_02-01-29.csv,0.6166103894645765
/Users/Chaiyong/Downloads/isics_results/lmd_2000_dkpws_3_10-08-17_02-01-33.csv,0.7776417281673429
/Users/Chaiyong/Downloads/isics_results/lmd_2000_dkpws_4_10-08-17_02-01-36.csv,0.803602092260239
/Users/Chaiyong/Downloads/isics_results/lmd_2000_dkpws_5_10-08-17_02-01-40.csv,0.8036345758907547
/Users/Chaiyong/Downloads/isics_results/lmd_2000_dj_2_10-08-17_02-01-43.csv,0.7016742245653287
/Users/Chaiyong/Downloads/isics_results/lmd_2000_dj_3_10-08-17_02-01-46.csv,0.6889371050679994
/Users/Chaiyong/Downloads/isics_results/lmd_2000_dj_4_10-08-17_02-01-50.csv,0.6393514239819708
/Users/Chaiyong/Downloads/isics_results/lmd_2000_dj_5_10-08-17_02-01-53.csv,0.5850223817199078
/Users/Chaiyong/Downloads/isics_results/lmd_2000_djs_2_10-08-17_02-01-55.csv,0.6234573843018485
/Users/Chaiyong/Downloads/isics_results/lmd_2000_djs_3_10-08-17_02-01-58.csv,0.63257538463336
/Users/Chaiyong/Downloads/isics_results/lmd_2000_djs_4_10-08-17_02-02-02.csv,0.6146156688835596
/Users/Chaiyong/Downloads/isics_results/lmd_2000_djs_5_10-08-17_02-02-04.csv,0.5599867813897872
/Users/Chaiyong/Downloads/isics_results/lmd_2000_djw_2_10-08-17_02-02-06.csv,0.8117211270906955
/Users/Chaiyong/Downloads/isics_results/lmd_2000_djw_3_10-08-17_02-02-10.csv,0.8456222911736643
/Users/Chaiyong/Downloads/isics_results/lmd_2000_djw_4_10-08-17_02-02-13.csv,0.8481865124289991
/Users/Chaiyong/Downloads/isics_results/lmd_2000_djw_5_10-08-17_02-02-16.csv,0.8345862264970161
/Users/Chaiyong/Downloads/isics_results/lmd_2000_djws_2_10-08-17_02-02-19.csv,0.7146610631577041
/Users/Chaiyong/Downloads/isics_results/lmd_2000_djws_3_10-08-17_02-02-22.csv,0.7908124035723457
/Users/Chaiyong/Downloads/isics_results/lmd_2000_djws_4_10-08-17_02-02-25.csv,0.8131406972598693
/Users/Chaiyong/Downloads/isics_results/lmd_2000_djws_5_10-08-17_02-02-29.csv,0.8058792802024316
/Users/Chaiyong/Downloads/isics_results/lmd_2000_djp_2_10-08-17_02-02-32.csv,0.6999836760920048
/Users/Chaiyong/Downloads/isics_results/lmd_2000_djp_3_10-08-17_02-02-35.csv,0.6901503857955628
/Users/Chaiyong/Downloads/isics_results/lmd_2000_djp_4_10-08-17_02-02-38.csv,0.6397726816472176
/Users/Chaiyong/Downloads/isics_results/lmd_2000_djp_5_10-08-17_02-02-41.csv,0.5848140927287293
/Users/Chaiyong/Downloads/isics_results/lmd_2000_djps_2_10-08-17_02-02-43.csv,0.622512479160541
/Users/Chaiyong/Downloads/isics_results/lmd_2000_djps_3_10-08-17_02-02-46.csv,0.6325310671799421
/Users/Chaiyong/Downloads/isics_results/lmd_2000_djps_4_10-08-17_02-02-49.csv,0.6142292407834355
/Users/Chaiyong/Downloads/isics_results/lmd_2000_djps_5_10-08-17_02-02-52.csv,0.5597038735678187
/Users/Chaiyong/Downloads/isics_results/lmd_2000_djpw_2_10-08-17_02-02-54.csv,0.8185737867127446
/Users/Chaiyong/Downloads/isics_results/lmd_2000_djpw_3_10-08-17_02-02-57.csv,0.8449076605059842
/Users/Chaiyong/Downloads/isics_results/lmd_2000_djpw_4_10-08-17_02-03-01.csv,0.8491297407514027
/Users/Chaiyong/Downloads/isics_results/lmd_2000_djpw_5_10-08-17_02-03-04.csv,0.8353263259274898
/Users/Chaiyong/Downloads/isics_results/lmd_2000_djpws_2_10-08-17_02-03-07.csv,0.7288224636668379
/Users/Chaiyong/Downloads/isics_results/lmd_2000_djpws_3_10-08-17_02-03-10.csv,0.7990539149910795
/Users/Chaiyong/Downloads/isics_results/lmd_2000_djpws_4_10-08-17_02-03-14.csv,0.819170815681466
/Users/Chaiyong/Downloads/isics_results/lmd_2000_djpws_5_10-08-17_02-03-17.csv,0.8082105753078958
/Users/Chaiyong/Downloads/isics_results/lmd_2000_djk_2_10-08-17_02-03-20.csv,0.682917438179644
/Users/Chaiyong/Downloads/isics_results/lmd_2000_djk_3_10-08-17_02-03-23.csv,0.6849400840358796
/Users/Chaiyong/Downloads/isics_results/lmd_2000_djk_4_10-08-17_02-03-26.csv,0.6367423137089885
/Users/Chaiyong/Downloads/isics_results/lmd_2000_djk_5_10-08-17_02-03-29.csv,0.5850881315292975
/Users/Chaiyong/Downloads/isics_results/lmd_2000_djks_2_10-08-17_02-03-32.csv,0.6001234919112781
/Users/Chaiyong/Downloads/isics_results/lmd_2000_djks_3_10-08-17_02-03-35.csv,0.6236151534747453
/Users/Chaiyong/Downloads/isics_results/lmd_2000_djks_4_10-08-17_02-03-38.csv,0.6003675499590103
/Users/Chaiyong/Downloads/isics_results/lmd_2000_djks_5_10-08-17_02-03-41.csv,0.5591718904503616
/Users/Chaiyong/Downloads/isics_results/lmd_2000_djkw_2_10-08-17_02-03-44.csv,0.7356687796977806
/Users/Chaiyong/Downloads/isics_results/lmd_2000_djkw_3_10-08-17_02-03-47.csv,0.8427175107150295
/Users/Chaiyong/Downloads/isics_results/lmd_2000_djkw_4_10-08-17_02-03-50.csv,0.8468775399686658
/Users/Chaiyong/Downloads/isics_results/lmd_2000_djkw_5_10-08-17_02-03-54.csv,0.8335160588955176
/Users/Chaiyong/Downloads/isics_results/lmd_2000_djkws_2_10-08-17_02-03-57.csv,0.5793592273288104
/Users/Chaiyong/Downloads/isics_results/lmd_2000_djkws_3_10-08-17_02-04-00.csv,0.7808502264308677
/Users/Chaiyong/Downloads/isics_results/lmd_2000_djkws_4_10-08-17_02-04-03.csv,0.8070704104573604
/Users/Chaiyong/Downloads/isics_results/lmd_2000_djkws_5_10-08-17_02-04-07.csv,0.7997922866660006
/Users/Chaiyong/Downloads/isics_results/lmd_2000_djkp_2_10-08-17_02-04-10.csv,0.6810911628935071
/Users/Chaiyong/Downloads/isics_results/lmd_2000_djkp_3_10-08-17_02-04-13.csv,0.6851834802480501
/Users/Chaiyong/Downloads/isics_results/lmd_2000_djkp_4_10-08-17_02-04-16.csv,0.6374960534603281
/Users/Chaiyong/Downloads/isics_results/lmd_2000_djkp_5_10-08-17_02-04-19.csv,0.584813245255622
/Users/Chaiyong/Downloads/isics_results/lmd_2000_djkps_2_10-08-17_02-04-21.csv,0.5987530898339315
/Users/Chaiyong/Downloads/isics_results/lmd_2000_djkps_3_10-08-17_02-04-25.csv,0.62417380794201
/Users/Chaiyong/Downloads/isics_results/lmd_2000_djkps_4_10-08-17_02-04-28.csv,0.6002307817327724
/Users/Chaiyong/Downloads/isics_results/lmd_2000_djkps_5_10-08-17_02-04-31.csv,0.5590005139850716
/Users/Chaiyong/Downloads/isics_results/lmd_2000_djkpw_2_10-08-17_02-04-33.csv,0.7314455387079054
/Users/Chaiyong/Downloads/isics_results/lmd_2000_djkpw_3_10-08-17_02-04-36.csv,0.845312592171717
/Users/Chaiyong/Downloads/isics_results/lmd_2000_djkpw_4_10-08-17_02-04-40.csv,0.8445405712278156
/Users/Chaiyong/Downloads/isics_results/lmd_2000_djkpw_5_10-08-17_02-04-43.csv,0.8358377367258071
/Users/Chaiyong/Downloads/isics_results/lmd_2000_djkpws_2_10-08-17_02-04-46.csv,0.5942121941194513
/Users/Chaiyong/Downloads/isics_results/lmd_2000_djkpws_3_10-08-17_02-04-49.csv,0.7910799685123017
/Users/Chaiyong/Downloads/isics_results/lmd_2000_djkpws_4_10-08-17_02-04-52.csv,0.8107896670455637
/Users/Chaiyong/Downloads/isics_results/lmd_2000_djkpws_5_10-08-17_02-04-56.csv,0.8049313587325266
/Users/Chaiyong/Downloads/isics_results/lmj_0.1_x_2_10-08-17_02-07-36.csv,0.7277727856002508
/Users/Chaiyong/Downloads/isics_results/lmj_0.1_x_3_10-08-17_02-07-44.csv,0.7037824753038828
/Users/Chaiyong/Downloads/isics_results/lmj_0.1_x_4_10-08-17_02-07-49.csv,0.6358999108676531
/Users/Chaiyong/Downloads/isics_results/lmj_0.1_x_5_10-08-17_02-07-53.csv,0.5857332176985403
/Users/Chaiyong/Downloads/isics_results/lmj_0.1_s_2_10-08-17_02-07-56.csv,0.6735023602758066
/Users/Chaiyong/Downloads/isics_results/lmj_0.1_s_3_10-08-17_02-08-01.csv,0.6566737329623862
/Users/Chaiyong/Downloads/isics_results/lmj_0.1_s_4_10-08-17_02-08-05.csv,0.6135498414156975
/Users/Chaiyong/Downloads/isics_results/lmj_0.1_s_5_10-08-17_02-08-09.csv,0.5688499589481094
/Users/Chaiyong/Downloads/isics_results/lmj_0.1_w_2_10-08-17_02-08-12.csv,0.8488953117238591
/Users/Chaiyong/Downloads/isics_results/lmj_0.1_w_3_10-08-17_02-08-16.csv,0.8508563415981294
/Users/Chaiyong/Downloads/isics_results/lmj_0.1_w_4_10-08-17_02-08-22.csv,0.8496022239278734
/Users/Chaiyong/Downloads/isics_results/lmj_0.1_w_5_10-08-17_02-08-26.csv,0.8328072896312462
/Users/Chaiyong/Downloads/isics_results/lmj_0.1_ws_2_10-08-17_02-08-30.csv,0.7998727116204213
/Users/Chaiyong/Downloads/isics_results/lmj_0.1_ws_3_10-08-17_02-08-34.csv,0.8082356213171986
/Users/Chaiyong/Downloads/isics_results/lmj_0.1_ws_4_10-08-17_02-08-38.csv,0.8123804120212991
/Users/Chaiyong/Downloads/isics_results/lmj_0.1_ws_5_10-08-17_02-08-42.csv,0.8082809975504683
/Users/Chaiyong/Downloads/isics_results/lmj_0.1_p_2_10-08-17_02-08-46.csv,0.7273964529394426
/Users/Chaiyong/Downloads/isics_results/lmj_0.1_p_3_10-08-17_02-08-49.csv,0.7037574710823548
/Users/Chaiyong/Downloads/isics_results/lmj_0.1_p_4_10-08-17_02-08-53.csv,0.6355767970588185
/Users/Chaiyong/Downloads/isics_results/lmj_0.1_p_5_10-08-17_02-08-56.csv,0.5865502111625925
/Users/Chaiyong/Downloads/isics_results/lmj_0.1_ps_2_10-08-17_02-08-59.csv,0.671739799652273
/Users/Chaiyong/Downloads/isics_results/lmj_0.1_ps_3_10-08-17_02-09-02.csv,0.6559473614457968
/Users/Chaiyong/Downloads/isics_results/lmj_0.1_ps_4_10-08-17_02-09-06.csv,0.613214444764738
/Users/Chaiyong/Downloads/isics_results/lmj_0.1_ps_5_10-08-17_02-09-09.csv,0.5697253091090354
/Users/Chaiyong/Downloads/isics_results/lmj_0.1_pw_2_10-08-17_02-09-11.csv,0.8444015667865093
/Users/Chaiyong/Downloads/isics_results/lmj_0.1_pw_3_10-08-17_02-09-15.csv,0.8462429574075965
/Users/Chaiyong/Downloads/isics_results/lmj_0.1_pw_4_10-08-17_02-09-19.csv,0.8463103441533699
/Users/Chaiyong/Downloads/isics_results/lmj_0.1_pw_5_10-08-17_02-09-23.csv,0.8313402935034702
/Users/Chaiyong/Downloads/isics_results/lmj_0.1_pws_2_10-08-17_02-09-26.csv,0.7989705364323325
/Users/Chaiyong/Downloads/isics_results/lmj_0.1_pws_3_10-08-17_02-09-30.csv,0.811806968547209
/Users/Chaiyong/Downloads/isics_results/lmj_0.1_pws_4_10-08-17_02-09-33.csv,0.8160917870639489
/Users/Chaiyong/Downloads/isics_results/lmj_0.1_pws_5_10-08-17_02-09-37.csv,0.8094048131427735
/Users/Chaiyong/Downloads/isics_results/lmj_0.1_k_2_10-08-17_02-09-40.csv,0.7137281018936263
/Users/Chaiyong/Downloads/isics_results/lmj_0.1_k_3_10-08-17_02-09-44.csv,0.7016341037488261
/Users/Chaiyong/Downloads/isics_results/lmj_0.1_k_4_10-08-17_02-09-47.csv,0.6411021891677012
/Users/Chaiyong/Downloads/isics_results/lmj_0.1_k_5_10-08-17_02-09-50.csv,0.5883195029900358
/Users/Chaiyong/Downloads/isics_results/lmj_0.1_ks_2_10-08-17_02-09-53.csv,0.6552118149713846
/Users/Chaiyong/Downloads/isics_results/lmj_0.1_ks_3_10-08-17_02-09-57.csv,0.6530635903644214
/Users/Chaiyong/Downloads/isics_results/lmj_0.1_ks_4_10-08-17_02-10-00.csv,0.6089671991789849
/Users/Chaiyong/Downloads/isics_results/lmj_0.1_ks_5_10-08-17_02-10-04.csv,0.5676829422659736
/Users/Chaiyong/Downloads/isics_results/lmj_0.1_kw_2_10-08-17_02-10-06.csv,0.82833707728271
/Users/Chaiyong/Downloads/isics_results/lmj_0.1_kw_3_10-08-17_02-10-11.csv,0.8519749226219029
/Users/Chaiyong/Downloads/isics_results/lmj_0.1_kw_4_10-08-17_02-10-14.csv,0.8479065830314079
/Users/Chaiyong/Downloads/isics_results/lmj_0.1_kw_5_10-08-17_02-10-17.csv,0.8381388911283485
/Users/Chaiyong/Downloads/isics_results/lmj_0.1_kws_2_10-08-17_02-10-21.csv,0.7664471213809319
/Users/Chaiyong/Downloads/isics_results/lmj_0.1_kws_3_10-08-17_02-10-25.csv,0.8077503930643397
/Users/Chaiyong/Downloads/isics_results/lmj_0.1_kws_4_10-08-17_02-10-28.csv,0.8075279287896523
/Users/Chaiyong/Downloads/isics_results/lmj_0.1_kws_5_10-08-17_02-10-32.csv,0.8071607048288476
/Users/Chaiyong/Downloads/isics_results/lmj_0.1_kp_2_10-08-17_02-10-35.csv,0.7121141317659634
/Users/Chaiyong/Downloads/isics_results/lmj_0.1_kp_3_10-08-17_02-10-38.csv,0.702096097889582
/Users/Chaiyong/Downloads/isics_results/lmj_0.1_kp_4_10-08-17_02-10-41.csv,0.6406093076711487
/Users/Chaiyong/Downloads/isics_results/lmj_0.1_kp_5_10-08-17_02-10-44.csv,0.5883195029900358
/Users/Chaiyong/Downloads/isics_results/lmj_0.1_kps_2_10-08-17_02-10-46.csv,0.6537760670534238
/Users/Chaiyong/Downloads/isics_results/lmj_0.1_kps_3_10-08-17_02-10-49.csv,0.6506527404306959
/Users/Chaiyong/Downloads/isics_results/lmj_0.1_kps_4_10-08-17_02-10-52.csv,0.6087541557191052
/Users/Chaiyong/Downloads/isics_results/lmj_0.1_kps_5_10-08-17_02-10-55.csv,0.567438392686883
/Users/Chaiyong/Downloads/isics_results/lmj_0.1_kpw_2_10-08-17_02-10-57.csv,0.8208772043326227
/Users/Chaiyong/Downloads/isics_results/lmj_0.1_kpw_3_10-08-17_02-11-00.csv,0.8474430407099183
/Users/Chaiyong/Downloads/isics_results/lmj_0.1_kpw_4_10-08-17_02-11-03.csv,0.845386824345374
/Users/Chaiyong/Downloads/isics_results/lmj_0.1_kpw_5_10-08-17_02-11-07.csv,0.8333288911559612
/Users/Chaiyong/Downloads/isics_results/lmj_0.1_kpws_2_10-08-17_02-11-11.csv,0.7691646455574076
/Users/Chaiyong/Downloads/isics_results/lmj_0.1_kpws_3_10-08-17_02-11-14.csv,0.810804286612551
/Users/Chaiyong/Downloads/isics_results/lmj_0.1_kpws_4_10-08-17_02-11-18.csv,0.811987589009934
/Users/Chaiyong/Downloads/isics_results/lmj_0.1_kpws_5_10-08-17_02-11-22.csv,0.8105854518906352
/Users/Chaiyong/Downloads/isics_results/lmj_0.1_j_2_10-08-17_02-11-27.csv,0.7189893924442484
/Users/Chaiyong/Downloads/isics_results/lmj_0.1_j_3_10-08-17_02-11-32.csv,0.6970483329682764
/Users/Chaiyong/Downloads/isics_results/lmj_0.1_j_4_10-08-17_02-11-37.csv,0.6412679869498988
/Users/Chaiyong/Downloads/isics_results/lmj_0.1_j_5_10-08-17_02-11-40.csv,0.5876824268705998
/Users/Chaiyong/Downloads/isics_results/lmj_0.1_js_2_10-08-17_02-11-42.csv,0.6617945309704035
/Users/Chaiyong/Downloads/isics_results/lmj_0.1_js_3_10-08-17_02-11-45.csv,0.6488473503637353
/Users/Chaiyong/Downloads/isics_results/lmj_0.1_js_4_10-08-17_02-11-49.csv,0.6144515737781633
/Users/Chaiyong/Downloads/isics_results/lmj_0.1_js_5_10-08-17_02-11-52.csv,0.5687546273693443
/Users/Chaiyong/Downloads/isics_results/lmj_0.1_jw_2_10-08-17_02-11-54.csv,0.8478017600886281
/Users/Chaiyong/Downloads/isics_results/lmj_0.1_jw_3_10-08-17_02-11-58.csv,0.8525120179941941
/Users/Chaiyong/Downloads/isics_results/lmj_0.1_jw_4_10-08-17_02-12-01.csv,0.8486930761376726
/Users/Chaiyong/Downloads/isics_results/lmj_0.1_jw_5_10-08-17_02-12-06.csv,0.833593272865793
/Users/Chaiyong/Downloads/isics_results/lmj_0.1_jws_2_10-08-17_02-12-11.csv,0.7989274557692064
/Users/Chaiyong/Downloads/isics_results/lmj_0.1_jws_3_10-08-17_02-12-14.csv,0.8150595102300935
/Users/Chaiyong/Downloads/isics_results/lmj_0.1_jws_4_10-08-17_02-12-19.csv,0.8158443717748609
/Users/Chaiyong/Downloads/isics_results/lmj_0.1_jws_5_10-08-17_02-12-25.csv,0.8126440857129262
/Users/Chaiyong/Downloads/isics_results/lmj_0.1_jp_2_10-08-17_02-12-32.csv,0.7176136084789647
/Users/Chaiyong/Downloads/isics_results/lmj_0.1_jp_3_10-08-17_02-12-39.csv,0.6977054781091758
/Users/Chaiyong/Downloads/isics_results/lmj_0.1_jp_4_10-08-17_02-12-46.csv,0.6424420432071968
/Users/Chaiyong/Downloads/isics_results/lmj_0.1_jp_5_10-08-17_02-12-51.csv,0.5870014338699334
/Users/Chaiyong/Downloads/isics_results/lmj_0.1_jps_2_10-08-17_02-12-56.csv,0.6607470863736142
/Users/Chaiyong/Downloads/isics_results/lmj_0.1_jps_3_10-08-17_02-13-01.csv,0.6496463746587241
/Users/Chaiyong/Downloads/isics_results/lmj_0.1_jps_4_10-08-17_02-13-07.csv,0.6144645419763098
/Users/Chaiyong/Downloads/isics_results/lmj_0.1_jps_5_10-08-17_02-13-11.csv,0.5680461020141938
/Users/Chaiyong/Downloads/isics_results/lmj_0.1_jpw_2_10-08-17_02-13-16.csv,0.8414699499939686
/Users/Chaiyong/Downloads/isics_results/lmj_0.1_jpw_3_10-08-17_02-13-22.csv,0.8516033825896732
/Users/Chaiyong/Downloads/isics_results/lmj_0.1_jpw_4_10-08-17_02-13-29.csv,0.8490322760421952
/Users/Chaiyong/Downloads/isics_results/lmj_0.1_jpw_5_10-08-17_02-13-35.csv,0.8331507955696072
/Users/Chaiyong/Downloads/isics_results/lmj_0.1_jpws_2_10-08-17_02-13-41.csv,0.7986105630795158
/Users/Chaiyong/Downloads/isics_results/lmj_0.1_jpws_3_10-08-17_02-13-46.csv,0.8175295835324363
/Users/Chaiyong/Downloads/isics_results/lmj_0.1_jpws_4_10-08-17_02-13-53.csv,0.8236987114780479
/Users/Chaiyong/Downloads/isics_results/lmj_0.1_jpws_5_10-08-17_02-14-00.csv,0.8104751685853393
/Users/Chaiyong/Downloads/isics_results/lmj_0.1_jk_2_10-08-17_02-14-06.csv,0.7018128116341198
/Users/Chaiyong/Downloads/isics_results/lmj_0.1_jk_3_10-08-17_02-14-13.csv,0.6976150648023184
/Users/Chaiyong/Downloads/isics_results/lmj_0.1_jk_4_10-08-17_02-14-19.csv,0.6391605565665305
/Users/Chaiyong/Downloads/isics_results/lmj_0.1_jk_5_10-08-17_02-14-25.csv,0.5895128649434235
/Users/Chaiyong/Downloads/isics_results/lmj_0.1_jks_2_10-08-17_02-14-29.csv,0.6426143864583633
/Users/Chaiyong/Downloads/isics_results/lmj_0.1_jks_3_10-08-17_02-14-33.csv,0.6390838605881323
/Users/Chaiyong/Downloads/isics_results/lmj_0.1_jks_4_10-08-17_02-14-39.csv,0.6049796809728436
/Users/Chaiyong/Downloads/isics_results/lmj_0.1_jks_5_10-08-17_02-14-43.csv,0.5697290212938599
/Users/Chaiyong/Downloads/isics_results/lmj_0.1_jkw_2_10-08-17_02-14-48.csv,0.826172895266924
/Users/Chaiyong/Downloads/isics_results/lmj_0.1_jkw_3_10-08-17_02-14-53.csv,0.8545878585367129
/Users/Chaiyong/Downloads/isics_results/lmj_0.1_jkw_4_10-08-17_02-15-01.csv,0.8498569693099828
/Users/Chaiyong/Downloads/isics_results/lmj_0.1_jkw_5_10-08-17_02-15-08.csv,0.8362393412203379
/Users/Chaiyong/Downloads/isics_results/lmj_0.1_jkws_2_10-08-17_02-15-15.csv,0.7657578423789712
/Users/Chaiyong/Downloads/isics_results/lmj_0.1_jkws_3_10-08-17_02-15-20.csv,0.8109240979260577
/Users/Chaiyong/Downloads/isics_results/lmj_0.1_jkws_4_10-08-17_02-15-27.csv,0.812543174075389
/Users/Chaiyong/Downloads/isics_results/lmj_0.1_jkws_5_10-08-17_02-15-33.csv,0.8102920289741821
/Users/Chaiyong/Downloads/isics_results/lmj_0.1_jkp_2_10-08-17_02-15-39.csv,0.7002856763676294
/Users/Chaiyong/Downloads/isics_results/lmj_0.1_jkp_3_10-08-17_02-15-45.csv,0.6972637138773807
/Users/Chaiyong/Downloads/isics_results/lmj_0.1_jkp_4_10-08-17_02-15-51.csv,0.6403547464839483
/Users/Chaiyong/Downloads/isics_results/lmj_0.1_jkp_5_10-08-17_02-15-56.csv,0.5886990798795537
/Users/Chaiyong/Downloads/isics_results/lmj_0.1_jkps_2_10-08-17_02-15-59.csv,0.6404863006672725
/Users/Chaiyong/Downloads/isics_results/lmj_0.1_jkps_3_10-08-17_02-16-05.csv,0.6401714838895145
/Users/Chaiyong/Downloads/isics_results/lmj_0.1_jkps_4_10-08-17_02-16-10.csv,0.6050239701457081
/Users/Chaiyong/Downloads/isics_results/lmj_0.1_jkps_5_10-08-17_02-16-16.csv,0.5689471984659535
/Users/Chaiyong/Downloads/isics_results/lmj_0.1_jkpw_2_10-08-17_02-16-19.csv,0.8216940478780883
/Users/Chaiyong/Downloads/isics_results/lmj_0.1_jkpw_3_10-08-17_02-16-25.csv,0.854797211347842
/Users/Chaiyong/Downloads/isics_results/lmj_0.1_jkpw_4_10-08-17_02-16-31.csv,0.8505476194257341
/Users/Chaiyong/Downloads/isics_results/lmj_0.1_jkpw_5_10-08-17_02-16-37.csv,0.8377508226830782
/Users/Chaiyong/Downloads/isics_results/lmj_0.1_jkpws_2_10-08-17_02-16-43.csv,0.7618160034511604
/Users/Chaiyong/Downloads/isics_results/lmj_0.1_jkpws_3_10-08-17_02-16-48.csv,0.813628199747672
/Users/Chaiyong/Downloads/isics_results/lmj_0.1_jkpws_4_10-08-17_02-16-54.csv,0.8178052867464476
/Users/Chaiyong/Downloads/isics_results/lmj_0.1_jkpws_5_10-08-17_02-17-00.csv,0.8154113259580402
/Users/Chaiyong/Downloads/isics_results/lmj_0.1_d_2_10-08-17_02-17-06.csv,0.7288413963651934
/Users/Chaiyong/Downloads/isics_results/lmj_0.1_d_3_10-08-17_02-17-10.csv,0.7033020189896325
/Users/Chaiyong/Downloads/isics_results/lmj_0.1_d_4_10-08-17_02-17-17.csv,0.6347574503069713
/Users/Chaiyong/Downloads/isics_results/lmj_0.1_d_5_10-08-17_02-17-21.csv,0.5851388293336712
/Users/Chaiyong/Downloads/isics_results/lmj_0.1_ds_2_10-08-17_02-17-25.csv,0.6715551615613543
/Users/Chaiyong/Downloads/isics_results/lmj_0.1_ds_3_10-08-17_02-17-31.csv,0.6554884733693078
/Users/Chaiyong/Downloads/isics_results/lmj_0.1_ds_4_10-08-17_02-17-37.csv,0.6165624827791764
/Users/Chaiyong/Downloads/isics_results/lmj_0.1_ds_5_10-08-17_02-17-44.csv,0.5677725228669694
/Users/Chaiyong/Downloads/isics_results/lmj_0.1_dw_2_10-08-17_02-17-50.csv,0.8484389401905338
/Users/Chaiyong/Downloads/isics_results/lmj_0.1_dw_3_10-08-17_02-17-55.csv,0.8494621754374382
/Users/Chaiyong/Downloads/isics_results/lmj_0.1_dw_4_10-08-17_02-18-01.csv,0.8525581088866673
/Users/Chaiyong/Downloads/isics_results/lmj_0.1_dw_5_10-08-17_02-18-07.csv,0.834927027570267
/Users/Chaiyong/Downloads/isics_results/lmj_0.1_dws_2_10-08-17_02-18-11.csv,0.7919192870902323
/Users/Chaiyong/Downloads/isics_results/lmj_0.1_dws_3_10-08-17_02-18-18.csv,0.8053793854207972
/Users/Chaiyong/Downloads/isics_results/lmj_0.1_dws_4_10-08-17_02-18-24.csv,0.812193741668868
/Users/Chaiyong/Downloads/isics_results/lmj_0.1_dws_5_10-08-17_02-18-31.csv,0.8065918299667788
/Users/Chaiyong/Downloads/isics_results/lmj_0.1_dp_2_10-08-17_02-18-37.csv,0.7286248667031728
/Users/Chaiyong/Downloads/isics_results/lmj_0.1_dp_3_10-08-17_02-18-43.csv,0.7032770147681043
/Users/Chaiyong/Downloads/isics_results/lmj_0.1_dp_4_10-08-17_02-18-49.csv,0.6344343364981367
/Users/Chaiyong/Downloads/isics_results/lmj_0.1_dp_5_10-08-17_02-18-55.csv,0.5859558227977235
/Users/Chaiyong/Downloads/isics_results/lmj_0.1_dps_2_10-08-17_02-18-59.csv,0.6704225363270714
/Users/Chaiyong/Downloads/isics_results/lmj_0.1_dps_3_10-08-17_02-19-06.csv,0.6546554388052304
/Users/Chaiyong/Downloads/isics_results/lmj_0.1_dps_4_10-08-17_02-19-11.csv,0.616227086128217
/Users/Chaiyong/Downloads/isics_results/lmj_0.1_dps_5_10-08-17_02-19-16.csv,0.5686108138400063
/Users/Chaiyong/Downloads/isics_results/lmj_0.1_dpw_2_10-08-17_02-19-20.csv,0.8435079641518448
/Users/Chaiyong/Downloads/isics_results/lmj_0.1_dpw_3_10-08-17_02-19-26.csv,0.8464526804164053
/Users/Chaiyong/Downloads/isics_results/lmj_0.1_dpw_4_10-08-17_02-19-35.csv,0.8498729490766337
/Users/Chaiyong/Downloads/isics_results/lmj_0.1_dpw_5_10-08-17_02-19-49.csv,0.8331982421207862
/Users/Chaiyong/Downloads/isics_results/lmj_0.1_dpws_2_10-08-17_02-19-56.csv,0.792746205047211
/Users/Chaiyong/Downloads/isics_results/lmj_0.1_dpws_3_10-08-17_02-20-00.csv,0.8061664750056912
/Users/Chaiyong/Downloads/isics_results/lmj_0.1_dpws_4_10-08-17_02-20-05.csv,0.815277625739672
/Users/Chaiyong/Downloads/isics_results/lmj_0.1_dpws_5_10-08-17_02-20-09.csv,0.8182719153338585
/Users/Chaiyong/Downloads/isics_results/lmj_0.1_dk_2_10-08-17_02-20-11.csv,0.713178285872381
/Users/Chaiyong/Downloads/isics_results/lmj_0.1_dk_3_10-08-17_02-20-13.csv,0.6999279958822955
/Users/Chaiyong/Downloads/isics_results/lmj_0.1_dk_4_10-08-17_02-20-16.csv,0.6415125491535841
/Users/Chaiyong/Downloads/isics_results/lmj_0.1_dk_5_10-08-17_02-20-18.csv,0.5884407903037336
/Users/Chaiyong/Downloads/isics_results/lmj_0.1_dks_2_10-08-17_02-20-20.csv,0.6519546253801459
/Users/Chaiyong/Downloads/isics_results/lmj_0.1_dks_3_10-08-17_02-20-22.csv,0.6511566722339472
/Users/Chaiyong/Downloads/isics_results/lmj_0.1_dks_4_10-08-17_02-20-25.csv,0.6089100981605989
/Users/Chaiyong/Downloads/isics_results/lmj_0.1_dks_5_10-08-17_02-20-28.csv,0.5665233074048279
/Users/Chaiyong/Downloads/isics_results/lmj_0.1_dkw_2_10-08-17_02-20-31.csv,0.8263876483306968
/Users/Chaiyong/Downloads/isics_results/lmj_0.1_dkw_3_10-08-17_02-20-33.csv,0.8515128872229483
/Users/Chaiyong/Downloads/isics_results/lmj_0.1_dkw_4_10-08-17_02-20-36.csv,0.8491219012127592
/Users/Chaiyong/Downloads/isics_results/lmj_0.1_dkw_5_10-08-17_02-20-38.csv,0.8363578219721529
/Users/Chaiyong/Downloads/isics_results/lmj_0.1_dkws_2_10-08-17_02-20-40.csv,0.7555332397433377
/Users/Chaiyong/Downloads/isics_results/lmj_0.1_dkws_3_10-08-17_02-20-43.csv,0.8022837568549254
/Users/Chaiyong/Downloads/isics_results/lmj_0.1_dkws_4_10-08-17_02-20-46.csv,0.8047738124318182
/Users/Chaiyong/Downloads/isics_results/lmj_0.1_dkws_5_10-08-17_02-20-49.csv,0.8026776272876596
/Users/Chaiyong/Downloads/isics_results/lmj_0.1_dkp_2_10-08-17_02-20-51.csv,0.7115656474873033
/Users/Chaiyong/Downloads/isics_results/lmj_0.1_dkp_3_10-08-17_02-20-54.csv,0.7002106531602302
/Users/Chaiyong/Downloads/isics_results/lmj_0.1_dkp_4_10-08-17_02-20-56.csv,0.6410196676570316
/Users/Chaiyong/Downloads/isics_results/lmj_0.1_dkp_5_10-08-17_02-20-58.csv,0.5884407903037336
/Users/Chaiyong/Downloads/isics_results/lmj_0.1_dkps_2_10-08-17_02-21-00.csv,0.650513069491127
/Users/Chaiyong/Downloads/isics_results/lmj_0.1_dkps_3_10-08-17_02-21-03.csv,0.648747304125744
/Users/Chaiyong/Downloads/isics_results/lmj_0.1_dkps_4_10-08-17_02-21-05.csv,0.6088107233635742
/Users/Chaiyong/Downloads/isics_results/lmj_0.1_dkps_5_10-08-17_02-21-07.csv,0.5662787578257374
/Users/Chaiyong/Downloads/isics_results/lmj_0.1_dkpw_2_10-08-17_02-21-09.csv,0.8204402466748956
/Users/Chaiyong/Downloads/isics_results/lmj_0.1_dkpw_3_10-08-17_02-21-11.csv,0.8484798956333715
/Users/Chaiyong/Downloads/isics_results/lmj_0.1_dkpw_4_10-08-17_02-21-14.csv,0.8467335047358585
/Users/Chaiyong/Downloads/isics_results/lmj_0.1_dkpw_5_10-08-17_02-21-17.csv,0.832202206128369
/Users/Chaiyong/Downloads/isics_results/lmj_0.1_dkpws_2_10-08-17_02-21-19.csv,0.7580356091394824
/Users/Chaiyong/Downloads/isics_results/lmj_0.1_dkpws_3_10-08-17_02-21-21.csv,0.8033595963448189
/Users/Chaiyong/Downloads/isics_results/lmj_0.1_dkpws_4_10-08-17_02-21-24.csv,0.80878777099542
/Users/Chaiyong/Downloads/isics_results/lmj_0.1_dkpws_5_10-08-17_02-21-29.csv,0.8112229479026368
/Users/Chaiyong/Downloads/isics_results/lmj_0.1_dj_2_10-08-17_02-21-31.csv,0.719071930274368
/Users/Chaiyong/Downloads/isics_results/lmj_0.1_dj_3_10-08-17_02-21-34.csv,0.6961496537490414
/Users/Chaiyong/Downloads/isics_results/lmj_0.1_dj_4_10-08-17_02-21-37.csv,0.6406962970344757
/Users/Chaiyong/Downloads/isics_results/lmj_0.1_dj_5_10-08-17_02-21-39.csv,0.5866075685320825
/Users/Chaiyong/Downloads/isics_results/lmj_0.1_djs_2_10-08-17_02-21-41.csv,0.6592814624553021
/Users/Chaiyong/Downloads/isics_results/lmj_0.1_djs_3_10-08-17_02-21-44.csv,0.6480336234557865
/Users/Chaiyong/Downloads/isics_results/lmj_0.1_djs_4_10-08-17_02-21-46.csv,0.6194983599950972
/Users/Chaiyong/Downloads/isics_results/lmj_0.1_djs_5_10-08-17_02-21-48.csv,0.567823082981692
/Users/Chaiyong/Downloads/isics_results/lmj_0.1_djw_2_10-08-17_02-21-50.csv,0.8463714228200371
/Users/Chaiyong/Downloads/isics_results/lmj_0.1_djw_3_10-08-17_02-21-52.csv,0.8544496299905913
/Users/Chaiyong/Downloads/isics_results/lmj_0.1_djw_4_10-08-17_02-21-55.csv,0.851067817063844
/Users/Chaiyong/Downloads/isics_results/lmj_0.1_djw_5_10-08-17_02-21-57.csv,0.8356217511753051
/Users/Chaiyong/Downloads/isics_results/lmj_0.1_djws_2_10-08-17_02-22-00.csv,0.7905853502269757
/Users/Chaiyong/Downloads/isics_results/lmj_0.1_djws_3_10-08-17_02-22-02.csv,0.8119234947085968
/Users/Chaiyong/Downloads/isics_results/lmj_0.1_djws_4_10-08-17_02-22-05.csv,0.8175281280943869
/Users/Chaiyong/Downloads/isics_results/lmj_0.1_djws_5_10-08-17_02-22-07.csv,0.8121119503394453
/Users/Chaiyong/Downloads/isics_results/lmj_0.1_djp_2_10-08-17_02-22-09.csv,0.7177183032157577
/Users/Chaiyong/Downloads/isics_results/lmj_0.1_djp_3_10-08-17_02-22-12.csv,0.6966712522545673
/Users/Chaiyong/Downloads/isics_results/lmj_0.1_djp_4_10-08-17_02-22-14.csv,0.6419160400085108
/Users/Chaiyong/Downloads/isics_results/lmj_0.1_djp_5_10-08-17_02-22-16.csv,0.5859265755314161
/Users/Chaiyong/Downloads/isics_results/lmj_0.1_djps_2_10-08-17_02-22-18.csv,0.6579835697448524
/Users/Chaiyong/Downloads/isics_results/lmj_0.1_djps_3_10-08-17_02-22-20.csv,0.6486698680259047
/Users/Chaiyong/Downloads/isics_results/lmj_0.1_djps_4_10-08-17_02-22-23.csv,0.619502153144115
/Users/Chaiyong/Downloads/isics_results/lmj_0.1_djps_5_10-08-17_02-22-25.csv,0.5670774984386524
/Users/Chaiyong/Downloads/isics_results/lmj_0.1_djpw_2_10-08-17_02-22-26.csv,0.8413892282611308
/Users/Chaiyong/Downloads/isics_results/lmj_0.1_djpw_3_10-08-17_02-22-29.csv,0.8512690691946964
/Users/Chaiyong/Downloads/isics_results/lmj_0.1_djpw_4_10-08-17_02-22-31.csv,0.8514454142354867
/Users/Chaiyong/Downloads/isics_results/lmj_0.1_djpw_5_10-08-17_02-22-34.csv,0.8335446327851687
/Users/Chaiyong/Downloads/isics_results/lmj_0.1_djpws_2_10-08-17_02-22-36.csv,0.7917198991658637
/Users/Chaiyong/Downloads/isics_results/lmj_0.1_djpws_3_10-08-17_02-22-38.csv,0.8128864051275008
/Users/Chaiyong/Downloads/isics_results/lmj_0.1_djpws_4_10-08-17_02-22-41.csv,0.8252401661639118
/Users/Chaiyong/Downloads/isics_results/lmj_0.1_djpws_5_10-08-17_02-22-44.csv,0.8122047478807909
/Users/Chaiyong/Downloads/isics_results/lmj_0.1_djk_2_10-08-17_02-22-46.csv,0.7011029161756335
/Users/Chaiyong/Downloads/isics_results/lmj_0.1_djk_3_10-08-17_02-22-48.csv,0.695289706068686
/Users/Chaiyong/Downloads/isics_results/lmj_0.1_djk_4_10-08-17_02-22-51.csv,0.6388860352252144
/Users/Chaiyong/Downloads/isics_results/lmj_0.1_djk_5_10-08-17_02-22-53.csv,0.5891536822834731
/Users/Chaiyong/Downloads/isics_results/lmj_0.1_djks_2_10-08-17_02-22-54.csv,0.638029449601091
/Users/Chaiyong/Downloads/isics_results/lmj_0.1_djks_3_10-08-17_02-22-57.csv,0.6373828905421534
/Users/Chaiyong/Downloads/isics_results/lmj_0.1_djks_4_10-08-17_02-22-59.csv,0.6065271031233223
/Users/Chaiyong/Downloads/isics_results/lmj_0.1_djks_5_10-08-17_02-23-01.csv,0.5686782189383129
/Users/Chaiyong/Downloads/isics_results/lmj_0.1_djkw_2_10-08-17_02-23-03.csv,0.8257141812747112
/Users/Chaiyong/Downloads/isics_results/lmj_0.1_djkw_3_10-08-17_02-23-06.csv,0.8548866888642117
/Users/Chaiyong/Downloads/isics_results/lmj_0.1_djkw_4_10-08-17_02-23-08.csv,0.8498035928331851
/Users/Chaiyong/Downloads/isics_results/lmj_0.1_djkw_5_10-08-17_02-23-11.csv,0.8351464815060402
/Users/Chaiyong/Downloads/isics_results/lmj_0.1_djkws_2_10-08-17_02-23-13.csv,0.7522167949115529
/Users/Chaiyong/Downloads/isics_results/lmj_0.1_djkws_3_10-08-17_02-23-15.csv,0.8056835842994496
/Users/Chaiyong/Downloads/isics_results/lmj_0.1_djkws_4_10-08-17_02-23-18.csv,0.8102281430395308
/Users/Chaiyong/Downloads/isics_results/lmj_0.1_djkws_5_10-08-17_02-23-20.csv,0.8090688199584007
/Users/Chaiyong/Downloads/isics_results/lmj_0.1_djkp_2_10-08-17_02-23-23.csv,0.6989125770461908
/Users/Chaiyong/Downloads/isics_results/lmj_0.1_djkp_3_10-08-17_02-23-26.csv,0.6950377602057133
/Users/Chaiyong/Downloads/isics_results/lmj_0.1_djkp_4_10-08-17_02-23-28.csv,0.6398312990535417
/Users/Chaiyong/Downloads/isics_results/lmj_0.1_djkp_5_10-08-17_02-23-30.csv,0.5883398972196033
/Users/Chaiyong/Downloads/isics_results/lmj_0.1_djkps_2_10-08-17_02-23-32.csv,0.6367460951890815
/Users/Chaiyong/Downloads/isics_results/lmj_0.1_djkps_3_10-08-17_02-23-34.csv,0.638612264511632
/Users/Chaiyong/Downloads/isics_results/lmj_0.1_djkps_4_10-08-17_02-23-37.csv,0.6066004822115885
/Users/Chaiyong/Downloads/isics_results/lmj_0.1_djkps_5_10-08-17_02-23-38.csv,0.5679334552982956
/Users/Chaiyong/Downloads/isics_results/lmj_0.1_djkpw_2_10-08-17_02-23-40.csv,0.8210020691728568
/Users/Chaiyong/Downloads/isics_results/lmj_0.1_djkpw_3_10-08-17_02-23-43.csv,0.8549305242151511
/Users/Chaiyong/Downloads/isics_results/lmj_0.1_djkpw_4_10-08-17_02-23-45.csv,0.8505393253103677
/Users/Chaiyong/Downloads/isics_results/lmj_0.1_djkpw_5_10-08-17_02-23-49.csv,0.8345314607182464
/Users/Chaiyong/Downloads/isics_results/lmj_0.1_djkpws_2_10-08-17_02-23-52.csv,0.7525210036634423
/Users/Chaiyong/Downloads/isics_results/lmj_0.1_djkpws_3_10-08-17_02-23-55.csv,0.8086723741022199
/Users/Chaiyong/Downloads/isics_results/lmj_0.1_djkpws_4_10-08-17_02-23-58.csv,0.8173664629982866
/Users/Chaiyong/Downloads/isics_results/lmj_0.1_djkpws_5_10-08-17_02-24-03.csv,0.8123425504472723
