sample,TestPalindrome.java,2,13,Q
selected,773259.java,192,211,,F
selected,1392002.java,48,54,,F
selected,1948185.java,9,15,,F
selected,1973049.java,687,710,,F
selected,1360979.java,692,715,,F
selected,2344052.java,36,42,,F
selected,1971014.java,19,25,,F
selected,1414732.java,72,78,,F
selected,1506313.java,22,30,,F
selected,944233.java,13,19,,F
selected,632754.java,11,18,,F
selected,1298639.java,81,86,,F
default,17407.java,10,21,3,T
selected,2183702.java,505,558,,F
selected,948168.java,145,150,,F
sample,BubbleSort.java,93,109,Q
selected,1461121.java,21,30,,F
selected,2380664.java,277,309,,F
selected,352441.java,215,242,,F
selected,1465507.java,293,310,,F
selected,1316327.java,285,302,,F
selected,1182640.java,154,184,,F
selected,1465507.java,318,335,,F
selected,1316327.java,310,327,,F
selected,62347.java,105,176,,F
selected,2211034.java,45,74,,F
selected,928268.java,49,64,,F
selected,1723609.java,127,142,,F
selected,1658132.java,125,140,,F
default,51560.java,874,900,,F
selected,1348198.java,218,227,,F
sample,FTP_ApacheCommonsNet_Samples.java,62,67,Q
sample,FTP_ApacheCommonsNet_Samples.java,62,67,1,T
sample,FTP_ApacheCommonsNet_Samples.java,55,60,3,T
sample,FTP_ApacheCommonsNet_Samples.java,69,75,3,T
sample,FTP_ApacheCommonsNet_Samples.java,25,31,3,T
sample,FTP_ApacheCommonsNet_Samples.java,18,23,3,T
sample,FTP_FTP4J_Samples.java,22,27,3,T
sample,FTP_FTP4J_Samples.java,15,20,3,T
sample,FTP_ApacheCommonsNet_Samples.java,11,16,3,T
sample,FTP_ApacheCommonsNet_Samples.java,47,53,3,T
sample,FTP_ApacheCommonsNet_Samples.java,40,45,3,T
sample,FTP_ApacheCommonsNet_Samples.java,33,38,3,T
selected,2547913.java,19,44,3,T
selected,1620218.java,280,289,3,T
selected,756989.java,34,43,,F
selected,1000320.java,32,41,,F
sample,Fibonacci.java,3,10,Q
selected,2156644.java,5,13,,F
selected,638110.java,10,23,,F
selected,2380110.java,10,23,,F
selected,692239.java,280,288,,F
selected,99873.java,110,119,,F
selected,364698.java,91,100,,F
selected,567533.java,393,402,,F
selected,857455.java,34,42,,F
selected,876461.java,243,248,,F
selected,1938594.java,214,223,,F
selected,1456918.java,275,284,,F
selected,136919.java,53,58,,F
selected,386491.java,45,52,,F
selected,1599196.java,43,50,,F
selected,53214.java,338,345,,F
sample,FTP_ApacheCommonsNet_Samples.java,69,75,Q
sample,FTP_ApacheCommonsNet_Samples.java,55,60,3,T
sample,FTP_ApacheCommonsNet_Samples.java,69,75,1,T
sample,FTP_ApacheCommonsNet_Samples.java,62,67,3,T
sample,FTP_ApacheCommonsNet_Samples.java,25,31,3,T
sample,FTP_ApacheCommonsNet_Samples.java,47,53,3,T
selected,502121.java,187,209,3,T
sample,FTP_FTP4J_Samples.java,22,27,3,T
sample,FTP_FTP4J_Samples.java,15,20,3,T
sample,FTP_ApacheCommonsNet_Samples.java,18,23,3,T
sample,FTP_ApacheCommonsNet_Samples.java,11,16,3,T
sample,FTP_ApacheCommonsNet_Samples.java,40,45,3,T
selected,2547913.java,19,44,3,T
sample,FTP_ApacheCommonsNet_Samples.java,33,38,3,T
selected,1620218.java,280,289,3,T
selected,550146.java,42,68,3,T
sample,DownloadWebpage.java,32,53,Q
selected,474427.java,82,105,,F
selected,2621331.java,317,324,,F
selected,1481489.java,317,324,3,T
selected,1825560.java,39,59,3,T
selected,2744705.java,37,67,,F
selected,2128991.java,447,479,,F
selected,764185.java,34,88,3,T
selected,262674.java,143,167,3,T
selected,693563.java,243,270,,F
selected,450160.java,444,485,,F
selected,2184855.java,143,161,3,T
selected,568613.java,192,220,,F
selected,945837.java,89,109,,F
selected,129106.java,331,343,,F
selected,2329907.java,167,198,,F
sample,FTP_ApacheCommonsNet_Samples.java,47,53,Q
sample,FTP_ApacheCommonsNet_Samples.java,47,53,1,T
selected,502121.java,187,209,3,T
sample,FTP_ApacheCommonsNet_Samples.java,33,38,3,T
sample,FTP_ApacheCommonsNet_Samples.java,25,31,3,T
sample,FTP_FTP4J_Samples.java,15,20,3,T
sample,FTP_ApacheCommonsNet_Samples.java,11,16,3,T
sample,FTP_ApacheCommonsNet_Samples.java,69,75,3,T
selected,872169.java,52,60,3,T
sample,FTP_ApacheCommonsNet_Samples.java,40,45,3,T
selected,268533.java,34,41,3,T
sample,FTP_FTP4J_Samples.java,22,27,3,T
selected,756989.java,34,43,,F
selected,1000320.java,32,41,,F
selected,2441554.java,47,77,,F
selected,14032.java,23,34,3,T
sample,CopyFileSamples.java,55,61,Q
selected,861615.java,507,528,3,T
sample,CopyFileSamples.java,55,61,1,T
selected,880474.java,604,625,3,T
selected,419813.java,77,92,3,T
selected,372617.java,499,520,3,T
selected,356375.java,500,521,3,T
selected,2668601.java,369,390,3,T
selected,1436558.java,190,211,3,T
selected,2451520.java,69,80,3,T
selected,2451520.java,56,67,3,T
selected,384761.java,135,152,,F
selected,60460.java,65,77,3,T
selected,1318150.java,76,88,3,T
selected,2702523.java,139,176,,F
selected,314619.java,62,88,3,T
sample,FileChooser.java,96,123,Q
sample,FileChooser.java,96,123,1,T
sample,FileChooser.java,38,65,3,T
sample,FileChooser.java,9,36,3,T
selected,285082.java,277,291,,F
selected,1782818.java,121,130,,F
selected,1742373.java,139,150,,F
selected,1574543.java,199,209,,F
selected,1729645.java,53,68,,F
selected,1443270.java,8,17,,F
selected,1138593.java,255,264,,F
selected,1123589.java,564,577,,F
sample,FileChooser.java,67,94,2,T
selected,2218241.java,69,77,,F
selected,510026.java,23,41,,F
selected,23673.java,277,291,,F
sample,LoadFont.java,14,19,Q
sample,LoadFont.java,14,19,1,T
selected,2064356.java,208,224,3,T
selected,1861123.java,65,91,3,T
selected,1846343.java,89,101,3,T
selected,864100.java,64,90,3,T
selected,831592.java,34,54,3,T
selected,337839.java,26,45,3,T
selected,2261893.java,1191,1198,3,T
selected,2050767.java,33,41,,F
selected,795046.java,173,198,3,T
selected,2615621.java,14,30,3,T
selected,948406.java,326,355,3,T
selected,1502472.java,46,80,,F
selected,906350.java,355,373,3,T
selected,1031787.java,38,51,,F
sample,GCD.java,11,18,Q
selected,732254.java,121,138,,F
selected,214624.java,69,84,,F
selected,975303.java,19,28,,F
selected,1135088.java,155,168,,F
selected,661946.java,157,175,,F
selected,2514410.java,62,80,3,T
selected,1108780.java,137,144,,F
selected,334423.java,773,794,,F
selected,2137264.java,48,55,,F
selected,2590278.java,103,195,,F
selected,2423189.java,918,936,,F
selected,1090493.java,126,142,,F
default,8505.java,43,59,,F
selected,943768.java,419,424,,F
selected,700821.java,57,62,,F
sample,ExecuteExternalProcessAndReadInput.java,38,54,Q
selected,668761.java,126,141,,F
selected,1817471.java,126,141,,F
selected,1392182.java,24,60,,F
sample,ExecuteExternalProcessAndReadInput.java,38,54,1,T
selected,2732464.java,68,85,,F
selected,116977.java,21,53,,F
selected,1254498.java,226,247,,F
selected,1815321.java,27,49,,F
selected,186645.java,66,90,,F
selected,355366.java,43,59,,F
selected,1232525.java,141,169,,F
selected,1660205.java,120,132,,F
selected,2326824.java,68,87,,F
selected,1583034.java,68,87,,F
default,124092.java,8,18,3,T
sample,EncryptFile.java,16,37,Q
selected,2519419.java,82,115,3,T
selected,2139695.java,18,33,3,T
selected,1952858.java,15,30,3,T
selected,707787.java,121,144,3,T
selected,1128302.java,117,122,,F
selected,1626807.java,305,326,3,T
selected,1538113.java,112,131,3,T
selected,893534.java,128,139,3,T
selected,1999626.java,141,147,,F
default,50457.java,23,50,3,T
selected,1512604.java,63,101,3,T
selected,26322.java,60,90,,F
selected,1995913.java,96,106,,F
selected,1333742.java,135,142,,F
selected,1935434.java,33,57,3,T
sample,BubbleSort.java,75,91,Q
selected,334423.java,871,882,,F
selected,1494902.java,27,47,,F
selected,1465507.java,293,310,,F
selected,1316327.java,285,302,,F
selected,62347.java,105,176,,F
selected,1182640.java,154,184,,F
selected,1465507.java,318,335,,F
selected,1316327.java,310,327,,F
selected,928268.java,49,64,,F
selected,1542303.java,225,245,,F
selected,1465507.java,343,360,,F
selected,1316327.java,335,352,,F
selected,1723609.java,127,142,,F
selected,1658132.java,125,140,,F
selected,592994.java,319,429,,F
sample,BubbleSort.java,57,73,Q
selected,1424368.java,390,408,,F
selected,1461121.java,21,30,,F
selected,2629550.java,203,222,,F
selected,2502968.java,386,405,,F
selected,2155839.java,383,402,,F
selected,1861661.java,382,401,,F
selected,1419453.java,316,335,,F
selected,1090849.java,456,496,,F
selected,2380664.java,277,309,,F
selected,352441.java,215,242,,F
selected,1660343.java,280,322,,F
selected,1242575.java,44,56,,F
default,51560.java,874,900,,F
selected,1348198.java,218,227,,F
selected,2467423.java,201,227,,F
sample,CreateRSAKeys.java,34,54,Q
sample,CreateRSAKeys.java,34,54,1,T
selected,2188583.java,37,47,,F
selected,1984007.java,114,140,3,T
selected,1787816.java,47,55,,F
selected,108370.java,19,35,,F
selected,485664.java,18,27,,F
selected,714211.java,127,134,,F
selected,373869.java,161,169,,F
selected,2739154.java,109,127,,F
selected,2175564.java,110,128,,F
selected,2739154.java,41,51,,F
selected,2175564.java,42,52,,F
selected,1022819.java,20,36,,F
selected,1893609.java,55,65,,F
selected,1681647.java,63,77,3,T
sample,InstantiateNamedClassUsingReflection.java,7,12,Q
selected,1326769.java,198,203,,F
selected,399830.java,109,119,,F
selected,523240.java,94,104,,F
selected,2314628.java,11,16,,F
selected,2635186.java,103,109,,F
selected,1577050.java,145,161,,F
selected,2163831.java,71,77,,F
selected,1235817.java,97,102,,F
selected,1235817.java,65,70,,F
selected,2526596.java,143,148,,F
selected,2291441.java,142,152,,F
selected,1577050.java,186,206,,F
selected,486653.java,206,228,,F
selected,2366049.java,110,117,,F
selected,616516.java,20,25,,F
sample,ShuffleArrayInPlace.java,50,66,Q
selected,1860333.java,488,496,,F
selected,860866.java,419,425,,F
selected,526888.java,866,875,3,T
selected,860866.java,399,404,,F
selected,2696378.java,32,42,,F
selected,440313.java,19,31,,F
selected,1976070.java,20,37,,F
selected,1068567.java,91,99,,F
selected,860866.java,722,730,,F
selected,301306.java,614,622,,F
selected,2223033.java,18,28,,F
selected,7627.java,13,25,,F
selected,1120858.java,13,25,,F
selected,1884534.java,193,203,,F
selected,918764.java,37,45,3,T
sample,CopyDirectoryTree.java,18,27,Q
selected,1070198.java,76,92,,F
selected,1070198.java,34,74,,F
selected,1122863.java,188,205,,F
selected,2435652.java,262,282,3,T
selected,948176.java,244,284,3,T
selected,1424799.java,21,46,,F
selected,1552187.java,167,191,,F
selected,1516404.java,121,137,,F
sample,CopyDirectoryTree.java,30,44,3,T
selected,880474.java,604,625,,F
selected,861615.java,507,528,,F
selected,419813.java,77,92,,F
selected,372617.java,499,520,,F
selected,356375.java,500,521,,F
selected,2668601.java,369,390,,F
sample,OpenURLInSystemBrowser.java,8,15,Q
sample,OpenURLInSystemBrowser.java,8,15,1,T
selected,1021772.java,14,30,3,T
selected,2592168.java,86,99,3,T
selected,2048402.java,65,73,3,T
selected,1478072.java,27,41,3,T
selected,2337186.java,162,178,3,T
selected,2097456.java,50,56,3,T
selected,2097456.java,42,48,3,T
selected,2560025.java,31,50,3,T
selected,2407362.java,18,29,,F
selected,814907.java,117,122,3,T
selected,2494793.java,140,151,3,T
selected,512855.java,14,29,3,T
selected,2108096.java,115,127,,F
selected,211364.java,45,68,3,T
sample,getMACAddresInStandardForm.java,9,25,Q
sample,getMACAddresInStandardForm.java,27,39,3,T
selected,2706991.java,10,33,,F
selected,1125396.java,101,153,3,T
selected,440776.java,307,356,3,T
selected,460998.java,14,42,,F
selected,1373426.java,339,366,3,T
selected,2544031.java,11,34,3,T
selected,2347167.java,115,150,3,T
selected,2089940.java,382,400,,F
selected,527112.java,15,34,3,T
selected,16202.java,1071,1109,,F
selected,256821.java,281,301,,F
selected,1119577.java,44,116,,F
selected,1384795.java,88,107,,F
selected,298673.java,22,42,3,T
sample,CopyFileSamples.java,42,53,Q
selected,537810.java,153,199,,F
selected,2661017.java,152,170,,F
selected,60460.java,65,77,3,T
selected,1318150.java,76,88,3,T
selected,2618745.java,187,213,,F
selected,1082721.java,155,168,3,T
selected,2300570.java,308,317,3,T
selected,630719.java,131,144,3,T
selected,277906.java,114,127,3,T
selected,445241.java,73,89,,F
selected,1248946.java,536,558,3,T
selected,2607428.java,273,285,,F
selected,2435652.java,262,282,,F
selected,1106829.java,220,234,,F
selected,1145263.java,47,65,,F
sample,UnZip.java,3,44,Q
selected,1689613.java,136,157,,F
sample,UnZip.java,46,83,3,T
selected,628234.java,86,116,,F
selected,2521303.java,157,187,,F
selected,361440.java,360,393,,F
selected,798637.java,63,94,,F
selected,502156.java,133,164,,F
selected,1636636.java,643,682,,F
sample,UnZip.java,3,44,1,T
selected,583742.java,135,176,,F
selected,7011.java,13,39,,F
selected,138101.java,118,147,,F
selected,2349003.java,98,137,,F
selected,992903.java,42,59,,F
selected,1307654.java,611,634,,F
sample,FileChooser.java,67,94,Q
sample,FileChooser.java,38,65,3,T
sample,FileChooser.java,9,36,3,T
sample,FileChooser.java,67,94,1,T
selected,285082.java,277,291,,F
selected,1729645.java,53,68,,F
selected,741271.java,100,112,,F
selected,1802924.java,871,889,,F
sample,FileChooser.java,96,123,2,T
selected,275210.java,147,158,,F
selected,1443270.java,8,17,,F
selected,1951603.java,395,406,,F
selected,364145.java,496,513,,F
selected,23673.java,277,291,,F
selected,1123589.java,564,577,,F
selected,515307.java,145,154,,F
sample,ShuffleArrayInPlace.java,34,48,Q
selected,2696378.java,32,42,,F
selected,1860333.java,488,496,,F
selected,621967.java,62,67,,F
selected,1579977.java,90,95,,F
selected,860866.java,382,387,,F
selected,860866.java,419,425,,F
selected,2579292.java,186,194,,F
selected,2025575.java,47,56,,F
selected,1619674.java,53,62,,F
selected,1240085.java,273,282,,F
selected,860866.java,399,404,,F
selected,2639352.java,13,24,,F
selected,1185747.java,211,238,,F
selected,582963.java,13,24,,F
selected,895934.java,7,15,,F
sample,MD5.java,2,11,Q
selected,2578041.java,341,350,3,T
sample,MD5.java,2,11,1,T
selected,249158.java,12,28,3,T
selected,59611.java,45,58,,F
selected,323037.java,8,19,,F
selected,2158135.java,77,91,,F
selected,639185.java,79,99,3,T
selected,712709.java,12,26,3,T
selected,773465.java,95,111,3,T
selected,1681494.java,89,105,3,T
selected,2219220.java,82,91,3,T
selected,1014753.java,8,26,3,T
selected,2234951.java,39,55,,F
selected,1192485.java,22,36,3,T
selected,402617.java,523,536,,F
sample,SendEMail.java,15,48,Q
sample,SendEMail.java,15,48,1,T
selected,1829739.java,14,38,,F
selected,1700073.java,154,174,,F
default,31489.java,1,62,,F
selected,771204.java,22,52,,F
selected,2098269.java,21,46,,F
selected,419022.java,46,87,,F
selected,2554531.java,31,62,3,T
selected,102950.java,18,48,,F
selected,2639498.java,10,34,,F
selected,1120534.java,20,47,,F
selected,2124246.java,35,58,,F
selected,2608722.java,24,52,,F
selected,1458092.java,25,68,,F
selected,2642037.java,35,64,,F
sample,ConnectToDatabaseJDBC.java,8,20,Q
selected,1795870.java,37,48,,F
selected,294552.java,195,219,,F
selected,2350352.java,25,35,,F
selected,1644141.java,36,70,,F
selected,1397784.java,73,80,,F
sample,ConnectToDatabaseJDBC.java,8,20,1,T
selected,2496232.java,118,127,,F
selected,1813790.java,75,98,,F
selected,694563.java,61,74,,F
selected,498506.java,77,96,,F
selected,2005747.java,164,181,,F
selected,2676199.java,50,81,,F
selected,592967.java,112,134,,F
selected,1061495.java,35,41,,F
selected,1107284.java,32,39,,F
sample,BubbleSort.java,219,236,Q
selected,260759.java,19,33,,F
selected,1465507.java,244,261,,F
selected,1316327.java,236,253,,F
selected,697222.java,163,174,,F
selected,260759.java,44,60,,F
default,120457.java,10,28,,F
selected,1559389.java,351,357,,F
selected,717722.java,95,105,,F
selected,1110104.java,103,113,,F
default,60017.java,67,77,,F
default,39329.java,67,77,,F
selected,413554.java,246,254,,F
selected,1529115.java,41,49,,F
selected,717722.java,77,87,,F
selected,1110104.java,85,95,,F
sample,GCD.java,36,42,Q
selected,2303051.java,117,123,,F
selected,2303051.java,125,131,,F
selected,270544.java,13,22,,F
selected,1297932.java,196,203,,F
selected,749776.java,58,65,,F
selected,2420319.java,467,474,,F
selected,1757323.java,273,280,,F
default,45493.java,56,63,3,T
selected,2437917.java,138,145,,F
selected,2472169.java,155,162,,F
selected,2472169.java,164,171,,F
selected,725302.java,248,255,3,T
selected,1671140.java,17,24,3,T
sample,GCD.java,11,18,3,T
selected,275270.java,20,33,3,T
sample,CopyFileSamples.java,18,36,Q
selected,2022893.java,60,97,3,T
selected,1354007.java,158,170,3,T
default,93742.java,55,74,3,T
selected,1597770.java,195,215,3,T
selected,256068.java,335,356,3,T
selected,2485251.java,198,219,3,T
selected,418831.java,80,100,3,T
selected,861428.java,327,347,3,T
selected,2177701.java,59,82,,F
selected,1527737.java,59,82,,F
selected,2358129.java,91,111,3,T
selected,693554.java,184,203,3,T
selected,253429.java,26,38,3,T
selected,2377910.java,12,26,3,T
selected,2102326.java,637,658,3,T
sample,FTP_ApacheCommonsNet_Samples.java,40,45,Q
sample,FTP_ApacheCommonsNet_Samples.java,40,45,1,T
sample,FTP_ApacheCommonsNet_Samples.java,33,38,3,T
sample,FTP_ApacheCommonsNet_Samples.java,11,16,3,T
sample,FTP_FTP4J_Samples.java,15,20,3,T
sample,FTP_ApacheCommonsNet_Samples.java,47,53,3,T
selected,268533.java,34,41,3,T
sample,FTP_ApacheCommonsNet_Samples.java,25,31,3,T
selected,756989.java,34,43,,F
selected,1000320.java,32,41,,F
selected,872169.java,52,60,3,T
selected,502121.java,187,209,3,T
sample,FTP_ApacheCommonsNet_Samples.java,55,60,3,T
sample,FTP_ApacheCommonsNet_Samples.java,62,67,3,T
selected,1620218.java,280,289,3,T
sample,FTP_FTP4J_Samples.java,22,27,3,T
sample,BubbleSort.java,3,19,Q
selected,1494902.java,27,47,,F
selected,937237.java,174,183,,F
selected,2605903.java,174,183,,F
selected,1830298.java,130,139,,F
selected,1512563.java,130,139,,F
selected,1152743.java,46,100,,F
selected,352441.java,215,242,,F
selected,1553526.java,257,268,,F
selected,2380664.java,277,309,,F
selected,1465507.java,293,310,,F
selected,1316327.java,285,302,,F
selected,107520.java,353,369,,F
selected,2078647.java,32,56,,F
selected,408464.java,25,35,,F
selected,334423.java,871,882,,F
sample,DBUpdateAndRollback.java,10,29,Q
sample,DBUpdateAndRollback.java,10,29,1,T
sample,DBUpdateAndRollback.java,31,50,3,T
selected,2045917.java,180,205,3,T
selected,720455.java,329,371,3,T
selected,812932.java,206,216,,F
selected,176956.java,238,290,,F
selected,2261003.java,110,135,3,T
selected,2045917.java,146,173,3,T
selected,812932.java,229,238,,F
selected,812932.java,218,227,,F
selected,812932.java,240,249,,F
selected,680520.java,72,105,,F
selected,1841359.java,499,533,3,T
selected,1841359.java,457,491,3,T
selected,487430.java,864,898,,F
sample,ConnectToDatabaseJDBC.java,21,26,Q
selected,1795870.java,37,48,,F
selected,294552.java,195,219,,F
selected,694563.java,61,74,,F
selected,2005747.java,164,181,,F
selected,1813790.java,75,98,,F
selected,2496232.java,118,127,,F
selected,2586718.java,187,205,,F
selected,156670.java,18,23,,F
selected,1260635.java,46,78,,F
selected,1240736.java,32,64,,F
selected,384059.java,245,263,,F
sample,ConnectToDatabaseJDBC.java,8,20,3,T
selected,2734416.java,61,66,,F
selected,1698883.java,49,60,,F
selected,1787792.java,76,101,,F
sample,CallMethodUsingReflection.java,8,18,Q
sample,CallMethodUsingReflection.java,28,45,3,T
sample,CallMethodUsingReflection.java,20,26,3,T
selected,130864.java,48,53,,F
selected,1188786.java,48,53,,F
selected,1084403.java,341,346,,F
selected,2435933.java,213,230,,F
selected,2435933.java,232,249,,F
selected,2262946.java,38,43,,F
selected,2527995.java,419,426,,F
selected,2527995.java,439,446,,F
selected,2075846.java,426,442,,F
selected,2248580.java,204,230,,F
selected,861370.java,633,642,,F
selected,553894.java,81,101,,F
selected,1783253.java,26,49,,F
sample,BubbleSort.java,147,163,Q
selected,233155.java,17,40,,F
selected,1494902.java,27,47,,F
selected,1215060.java,276,312,,F
default,45593.java,3,8,,F
selected,1516545.java,263,298,,F
selected,1152743.java,46,100,,F
selected,937237.java,174,183,,F
selected,2605903.java,174,183,,F
selected,1830298.java,130,139,,F
selected,1512563.java,130,139,,F
selected,1709049.java,73,81,,F
selected,352441.java,215,242,,F
selected,1465507.java,293,310,,F
selected,1316327.java,285,302,,F
selected,1553526.java,257,268,,F
sample,CallMethodUsingReflection.java,20,26,Q
selected,1087705.java,176,181,,F
selected,1783253.java,26,49,,F
selected,2256439.java,437,455,,F
selected,829101.java,144,152,,F
selected,1648080.java,149,157,,F
selected,1084403.java,341,346,,F
sample,CallMethodUsingReflection.java,28,45,3,T
selected,2527995.java,419,426,,F
selected,2527995.java,439,446,,F
selected,861370.java,633,642,,F
selected,130864.java,48,53,,F
selected,1188786.java,48,53,,F
selected,2252655.java,115,122,,F
selected,106780.java,181,211,,F
selected,384370.java,177,207,,F
sample,BubbleSort.java,111,127,Q
selected,334423.java,871,882,,F
selected,409154.java,85,106,,F
selected,1494902.java,27,47,,F
default,51560.java,874,900,,F
selected,2467423.java,201,227,,F
default,74994.java,1478,1504,,F
default,32744.java,847,873,,F
selected,1152743.java,46,100,,F
selected,1709354.java,201,227,,F
selected,937237.java,174,183,,F
selected,2605903.java,174,183,,F
selected,1830298.java,130,139,,F
selected,1512563.java,130,139,,F
selected,330299.java,172,182,,F
selected,268279.java,131,141,,F
sample,FTP_ApacheCommonsNet_Samples.java,25,31,Q
sample,FTP_ApacheCommonsNet_Samples.java,25,31,1,T
selected,502121.java,187,209,3,T
sample,FTP_ApacheCommonsNet_Samples.java,69,75,3,T
sample,FTP_ApacheCommonsNet_Samples.java,47,53,3,T
selected,872169.java,52,60,3,T
sample,FTP_ApacheCommonsNet_Samples.java,33,38,3,T
selected,756989.java,34,43,,F
selected,1000320.java,32,41,,F
selected,2441554.java,47,77,,F
sample,FTP_FTP4J_Samples.java,15,20,3,T
sample,FTP_ApacheCommonsNet_Samples.java,62,67,3,T
sample,FTP_ApacheCommonsNet_Samples.java,55,60,3,T
selected,1111640.java,57,74,3,T
selected,831194.java,164,228,,F
selected,46933.java,57,83,,F
sample,OpenFileInDesktopApp.java,7,14,Q
sample,OpenFileInDesktopApp.java,7,14,1,T
sample,OpenURLInSystemBrowser.java,8,15,,F
selected,2246145.java,179,184,3,T
selected,2592168.java,86,99,,F
selected,2108096.java,115,127,,F
selected,972108.java,25,42,3,T
selected,1045267.java,28,39,3,T
selected,1014617.java,145,156,3,T
selected,667221.java,23,33,,F
selected,1852562.java,303,316,,F
selected,1021772.java,14,30,,F
selected,2491900.java,20,26,3,T
selected,598204.java,1019,1034,,F
selected,16247.java,34,46,3,T
selected,272619.java,716,731,3,T
sample,DeleteFolderRecursively.java,20,51,Q
selected,1658160.java,140,154,,F
selected,1658160.java,42,70,,F
sample,DeleteFolderRecursively.java,22,27,,F
selected,511144.java,249,272,,F
selected,1526561.java,65,163,,F
selected,619765.java,433,439,,F
selected,2578751.java,253,283,,F
selected,143252.java,52,141,,F
selected,2744271.java,102,117,,F
selected,2220111.java,546,578,,F
selected,2317036.java,36,53,,F
selected,511144.java,258,263,,F
selected,2675844.java,202,208,,F
selected,619765.java,508,514,,F
selected,331400.java,83,95,,F
sample,PlaySound.java,29,44,Q
selected,1466910.java,78,95,,F
selected,1056857.java,37,75,,F
default,72681.java,34,66,,F
default,115663.java,34,66,,F
selected,1354270.java,75,112,,F
selected,2550647.java,61,103,,F
selected,718658.java,17,45,,F
selected,1701369.java,15,31,,F
selected,1213840.java,15,31,,F
selected,2130106.java,90,153,,F
selected,2529700.java,29,73,,F
selected,525839.java,20,58,,F
selected,1212992.java,21,55,,F
default,74469.java,88,123,,F
default,74469.java,161,196,,F
sample,DownloadWebpage.java,55,67,Q
sample,DownloadWebpage.java,55,67,1,T
selected,475921.java,18,41,,F
selected,1673591.java,84,137,,F
selected,2522796.java,15,33,,F
selected,2199915.java,21,40,,F
selected,120796.java,85,100,3,T
selected,2257776.java,77,118,,F
selected,2257776.java,127,168,,F
selected,962538.java,91,108,,F
selected,1151328.java,21,38,,F
selected,433456.java,52,85,3,T
selected,889501.java,22,51,,F
selected,1196692.java,66,78,,F
selected,1422483.java,524,536,,F
selected,429360.java,39,53,,F
sample,BubbleSort.java,129,145,Q
default,51560.java,874,900,,F
selected,2467423.java,201,227,,F
selected,1461121.java,21,30,,F
default,74994.java,1478,1504,,F
default,32744.java,847,873,,F
selected,1709354.java,201,227,,F
selected,687754.java,678,685,,F
selected,2380664.java,277,309,,F
selected,352441.java,215,242,,F
selected,2113555.java,314,324,,F
selected,1348198.java,218,227,,F
selected,1152743.java,46,100,,F
selected,657042.java,211,223,,F
selected,2645125.java,244,251,,F
selected,1466254.java,291,307,,F
sample,DeleteFolderRecursively.java,11,17,Q
selected,2009319.java,219,232,,F
selected,925699.java,149,154,,F
selected,648561.java,431,440,,F
selected,753037.java,89,96,,F
selected,797993.java,11,22,,F
selected,460744.java,24,35,,F
selected,2704462.java,24,35,,F
selected,1084845.java,24,35,,F
selected,2145959.java,63,72,,F
selected,328405.java,43,57,,F
selected,814804.java,69,77,,F
selected,1151138.java,10,19,,F
selected,648561.java,828,841,,F
selected,469404.java,166,171,,F
selected,2453286.java,22,39,3,T
sample,FTP_ApacheCommonsNet_Samples.java,33,38,Q
sample,FTP_ApacheCommonsNet_Samples.java,33,38,1,T
sample,FTP_ApacheCommonsNet_Samples.java,40,45,3,T
sample,FTP_ApacheCommonsNet_Samples.java,47,53,3,T
sample,FTP_ApacheCommonsNet_Samples.java,25,31,3,T
sample,FTP_ApacheCommonsNet_Samples.java,18,23,3,T
sample,FTP_FTP4J_Samples.java,22,27,3,T
selected,872169.java,52,60,3,T
selected,502121.java,187,209,3,T
selected,756989.java,34,43,,F
selected,1000320.java,32,41,,F
selected,268533.java,34,41,3,T
selected,1620218.java,280,289,3,T
sample,FTP_FTP4J_Samples.java,15,20,3,T
selected,2441554.java,47,77,,F
sample,FTP_ApacheCommonsNet_Samples.java,62,67,3,T
sample,BubbleSort.java,21,37,Q
selected,1461121.java,21,30,,F
selected,2380664.java,277,309,,F
selected,352441.java,215,242,,F
selected,1348198.java,218,227,,F
default,51560.java,874,900,,F
selected,2467423.java,201,227,,F
selected,1152743.java,46,100,,F
selected,657042.java,211,223,,F
selected,2645125.java,244,251,,F
selected,2616037.java,549,560,,F
selected,2536122.java,145,156,,F
selected,1783419.java,120,131,,F
selected,1645033.java,580,591,,F
selected,1401999.java,120,131,,F
selected,233155.java,17,40,,F
sample,BubbleSort.java,183,199,Q
selected,1494902.java,27,47,,F
selected,52880.java,327,340,,F
selected,2031727.java,353,366,,F
selected,1341525.java,165,178,,F
selected,1152743.java,46,100,,F
selected,937237.java,174,183,,F
selected,2605903.java,174,183,,F
selected,1830298.java,130,139,,F
selected,1512563.java,130,139,,F
selected,335421.java,16,25,,F
selected,1582580.java,168,180,,F
selected,188404.java,65,96,,F
selected,352441.java,215,242,,F
selected,335421.java,5,14,,F
selected,2064988.java,98,158,,F
sample,CopyDirectoryTree.java,30,44,Q
selected,2675844.java,202,208,,F
selected,511144.java,249,272,,F
selected,1658160.java,42,70,,F
selected,2578751.java,253,283,,F
selected,2067491.java,1525,1533,,F
selected,2744271.java,102,117,,F
selected,1797982.java,337,345,,F
selected,1658160.java,140,154,,F
selected,1797982.java,316,335,,F
selected,2067491.java,1459,1523,,F
sample,DeleteFolderRecursively.java,22,27,,F
selected,2744271.java,107,114,,F
selected,845746.java,50,64,,F
selected,2220111.java,546,578,,F
selected,511144.java,258,263,,F
sample,WritePDF.java,14,29,Q
selected,442988.java,23,30,,F
sample,WritePDF.java,14,29,1,T
selected,767359.java,42,73,3,T
selected,2076042.java,23,29,,F
selected,985795.java,26,33,,F
selected,1094602.java,29,61,,F
selected,274694.java,22,29,,F
selected,2237711.java,23,50,,F
selected,635296.java,17,30,,F
selected,2220702.java,22,35,,F
selected,2234434.java,24,48,,F
selected,883711.java,24,40,3,T
selected,951757.java,20,26,,F
selected,309552.java,23,29,,F
selected,2034106.java,51,80,,F
sample,ParseXML2Dom.java,17,34,Q
selected,1440227.java,346,356,,F
selected,2512922.java,273,281,,F
selected,275786.java,98,107,,F
selected,685295.java,177,186,,F
selected,1053077.java,27,33,,F
selected,606665.java,66,72,,F
selected,2339361.java,111,121,,F
selected,1728717.java,40,49,,F
selected,1741194.java,302,309,,F
selected,1741194.java,311,318,,F
selected,1076014.java,177,183,,F
selected,1615631.java,56,64,,F
selected,2162023.java,81,90,,F
selected,164397.java,365,381,,F
selected,254212.java,33,55,,F
sample,CreateRSAKeys.java,27,32,Q
sample,CreateRSAKeys.java,27,32,1,T
selected,1172151.java,78,88,,F
selected,2403466.java,206,214,,F
selected,485664.java,18,27,,F
selected,39268.java,293,299,,F
selected,2485565.java,332,338,,F
selected,2500575.java,199,207,,F
selected,884547.java,97,102,,F
selected,1022819.java,20,36,,F
selected,2065800.java,47,52,,F
selected,1114871.java,47,52,,F
selected,1010826.java,110,120,,F
selected,840512.java,48,54,,F
selected,555311.java,337,344,,F
selected,815239.java,55,60,,F
sample,FTP_FTP4J_Samples.java,22,27,Q
sample,FTP_FTP4J_Samples.java,15,20,3,T
selected,756989.java,34,43,,F
selected,1000320.java,32,41,,F
sample,FTP_FTP4J_Samples.java,22,27,1,T
selected,617041.java,40,50,,F
sample,FTP_ApacheCommonsNet_Samples.java,33,38,3,T
selected,536984.java,85,115,,F
selected,2069789.java,92,117,3,T
selected,2032756.java,62,82,3,T
selected,872169.java,52,60,3,T
selected,1111640.java,57,74,3,T
sample,FTP_ApacheCommonsNet_Samples.java,55,60,3,T
sample,FTP_ApacheCommonsNet_Samples.java,62,67,3,T
sample,FTP_ApacheCommonsNet_Samples.java,11,16,3,T
sample,FTP_ApacheCommonsNet_Samples.java,47,53,3,T
sample,LoadFont.java,21,26,Q
selected,1846343.java,89,101,3,T
sample,LoadFont.java,21,26,1,T
selected,2064356.java,208,224,3,T
selected,337839.java,26,45,3,T
selected,948406.java,326,355,3,T
selected,1861123.java,65,91,3,T
sample,LoadFont.java,14,19,3,T
selected,864100.java,64,90,3,T
selected,906350.java,355,373,3,T
selected,2340916.java,398,427,3,T
selected,2055524.java,27,45,3,T
selected,2134614.java,720,734,,F
selected,2133515.java,723,737,,F
default,131555.java,11,20,3,T
selected,795046.java,173,198,3,T
sample,LoadFileIntoByteArray.java,7,23,Q
selected,1817984.java,35,58,,F
selected,1123308.java,771,796,,F
selected,1123308.java,209,251,,F
selected,763517.java,159,170,,F
default,85171.java,145,156,3,T
default,77766.java,145,156,3,T
default,3929.java,157,168,3,T
default,39053.java,145,156,3,T
default,120124.java,157,168,3,T
selected,2047840.java,25,64,,F
selected,309669.java,110,122,,F
selected,486580.java,218,233,,F
selected,1567283.java,24,38,,F
selected,2082205.java,60,72,,F
selected,1880617.java,173,186,3,T
sample,CopyFileSamples.java,63,69,Q
selected,2451520.java,69,80,3,T
selected,2451520.java,56,67,3,T
sample,CopyFileSamples.java,63,69,1,T
selected,861615.java,507,528,3,T
selected,1751716.java,111,123,,F
selected,863513.java,162,183,,F
selected,2038155.java,283,326,,F
selected,537810.java,153,199,,F
selected,880474.java,604,625,3,T
selected,419813.java,77,92,3,T
selected,372617.java,499,520,3,T
selected,356375.java,500,521,3,T
selected,2668601.java,369,390,3,T
selected,1436558.java,190,211,3,T
selected,384761.java,135,152,,F
sample,BubbleSort.java,165,181,Q
selected,233155.java,17,40,,F
selected,1461121.java,21,30,,F
selected,2380664.java,277,309,,F
selected,352441.java,215,242,,F
selected,1215060.java,276,312,,F
default,51560.java,874,900,,F
selected,1348198.java,218,227,,F
selected,2467423.java,201,227,,F
selected,1152743.java,46,100,,F
selected,1516545.java,263,298,,F
selected,657042.java,211,223,,F
selected,2645125.java,244,251,,F
selected,1059856.java,1555,1573,,F
selected,2616037.java,549,560,,F
selected,2536122.java,145,156,,F
sample,DBUpdateAndRollback.java,31,50,Q
sample,DBUpdateAndRollback.java,10,29,3,T
sample,DBUpdateAndRollback.java,31,50,1,T
selected,209477.java,46,95,,F
selected,20699.java,87,136,,F
selected,1831338.java,45,94,,F
selected,138171.java,46,95,,F
selected,880736.java,46,72,,F
selected,2380183.java,134,141,,F
selected,1646826.java,391,441,,F
selected,2453391.java,71,120,,F
selected,2411651.java,236,285,,F
selected,2355280.java,48,97,,F
selected,1996720.java,49,98,,F
selected,209477.java,97,131,,F
selected,20699.java,138,172,,F
sample,BinarySearch.java,6,17,Q
sample,BinarySearch.java,32,46,3,T
sample,BinarySearch.java,48,61,3,T
selected,108362.java,260,267,,F
sample,BinarySearch.java,19,30,3,T
selected,1259181.java,292,306,,F
selected,275369.java,356,369,,F
selected,884088.java,346,414,,F
selected,74771.java,452,459,,F
selected,1220418.java,182,188,,F
selected,2477342.java,759,800,,F
selected,1190586.java,253,272,,F
sample,BinarySearch.java,6,17,1,T
selected,2241768.java,198,207,,F
selected,1579548.java,46,77,,F
selected,2338938.java,5,17,,F
sample,BubbleSort.java,39,55,Q
selected,1090849.java,456,496,,F
selected,1494902.java,27,47,,F
selected,265759.java,38,91,,F
selected,1152743.java,46,100,,F
selected,937237.java,174,183,,F
selected,2605903.java,174,183,,F
selected,1830298.java,130,139,,F
selected,1512563.java,130,139,,F
selected,1424368.java,390,408,,F
selected,2629550.java,203,222,,F
selected,2502968.java,386,405,,F
selected,2155839.java,383,402,,F
selected,1861661.java,382,401,,F
selected,1419453.java,316,335,,F
selected,352441.java,215,242,,F
sample,CRC32FileChecksum.java,11,20,Q
selected,1397797.java,405,414,3,T
selected,1806765.java,212,230,3,T
selected,2108993.java,430,450,3,T
default,73020.java,77,95,,F
default,48279.java,77,95,,F
default,38960.java,77,95,,F
default,24605.java,77,95,,F
selected,2722391.java,1100,1116,3,T
selected,2111982.java,1229,1245,3,T
selected,2338862.java,71,77,,F
selected,1514414.java,123,132,3,T
selected,1162455.java,940,964,3,T
selected,484395.java,104,118,3,T
selected,758740.java,216,254,3,T
selected,2124910.java,190,213,3,T
sample,ExtactUsingRegex.java,9,17,Q
selected,1586600.java,79,91,,F
selected,1389525.java,82,94,,F
selected,1854044.java,600,612,3,T
selected,560725.java,27,37,3,T
selected,1912787.java,63,79,3,T
selected,1545595.java,335,370,3,T
selected,2472763.java,335,355,,F
selected,1306460.java,77,87,,F
selected,356580.java,237,253,3,T
selected,2038683.java,14,24,3,T
selected,2123309.java,51,56,,F
selected,690417.java,203,213,3,T
selected,666673.java,204,214,3,T
selected,386952.java,92,105,3,T
selected,1023915.java,434,449,,F
sample,FTP_ApacheCommonsNet_Samples.java,55,60,Q
sample,FTP_ApacheCommonsNet_Samples.java,55,60,1,T
sample,FTP_ApacheCommonsNet_Samples.java,62,67,3,T
sample,FTP_ApacheCommonsNet_Samples.java,69,75,3,T
sample,FTP_ApacheCommonsNet_Samples.java,25,31,3,T
sample,FTP_FTP4J_Samples.java,22,27,3,T
sample,FTP_FTP4J_Samples.java,15,20,3,T
sample,FTP_ApacheCommonsNet_Samples.java,18,23,3,T
sample,FTP_ApacheCommonsNet_Samples.java,11,16,3,T
sample,FTP_ApacheCommonsNet_Samples.java,47,53,3,T
sample,FTP_ApacheCommonsNet_Samples.java,40,45,3,T
sample,FTP_ApacheCommonsNet_Samples.java,33,38,3,T
selected,2547913.java,19,44,3,T
selected,1620218.java,280,289,3,T
selected,756989.java,34,43,,F
selected,1000320.java,32,41,,F
sample,BinarySearch.java,19,30,Q
sample,BinarySearch.java,48,61,3,T
sample,BinarySearch.java,32,46,3,T
default,120457.java,10,28,,F
selected,108362.java,260,267,,F
selected,1028764.java,1281,1288,,F
selected,2589151.java,23,36,,F
selected,1259181.java,292,306,,F
selected,2338938.java,5,17,,F
selected,1559389.java,351,357,,F
selected,1190586.java,253,272,,F
selected,860866.java,353,371,,F
selected,884088.java,346,414,,F
selected,2163725.java,106,112,,F
selected,413554.java,238,244,,F
selected,357582.java,24,44,,F
sample,ExecuteExternalProcessAndReadInput.java,10,36,Q
sample,ExecuteExternalProcessAndReadInput.java,10,36,1,T
selected,1878518.java,36,54,,F
selected,2423955.java,250,320,,F
selected,565925.java,354,360,,F
selected,518937.java,99,127,,F
selected,1482512.java,56,91,,F
selected,2163907.java,35,74,,F
selected,400866.java,97,137,,F
selected,1761017.java,71,77,,F
selected,1597538.java,138,148,,F
selected,428040.java,275,287,,F
selected,1766044.java,31,75,,F
selected,171595.java,34,59,,F
selected,2146112.java,47,75,3,T
selected,1141490.java,25,65,,F
sample,getMACAddresInStandardForm.java,27,39,Q
sample,getMACAddresInStandardForm.java,9,25,3,T
selected,2706991.java,10,33,,F
sample,getMACAddresInStandardForm.java,27,39,1,T
selected,1373426.java,339,366,3,T
selected,1125396.java,101,153,3,T
selected,440776.java,307,356,3,T
selected,2544031.java,11,34,3,T
selected,460998.java,14,42,,F
selected,2089940.java,382,400,,F
selected,16202.java,1071,1109,,F
selected,384778.java,207,225,,F
selected,2296872.java,1798,1817,3,T
selected,1964126.java,26,53,3,T
selected,527112.java,15,34,3,T
selected,1610413.java,306,318,3,T
sample,ShuffleArrayInPlace.java,16,32,Q
selected,526888.java,866,875,3,T
selected,440313.java,19,31,,F
selected,2696378.java,32,42,,F
selected,1976070.java,20,37,,F
selected,1068567.java,91,99,,F
selected,860866.java,722,730,,F
selected,301306.java,614,622,,F
selected,7627.java,13,25,,F
selected,1120858.java,13,25,,F
selected,273852.java,891,898,3,T
selected,1821592.java,891,898,3,T
selected,1884534.java,193,203,,F
selected,621967.java,62,67,,F
selected,1579977.java,90,95,,F
selected,860866.java,382,387,,F
sample,CallMethodUsingReflection.java,28,45,Q
sample,CallMethodUsingReflection.java,20,26,3,T
selected,1087705.java,176,181,,F
selected,130864.java,48,53,,F
selected,1188786.java,48,53,,F
selected,1334180.java,296,301,,F
selected,292916.java,119,131,,F
selected,1136217.java,128,140,,F
selected,253098.java,85,93,,F
selected,955731.java,66,79,,F
selected,767128.java,63,81,,F
selected,769579.java,41,51,,F
selected,551474.java,46,56,,F
selected,1911746.java,43,53,,F
selected,120511.java,93,103,,F
selected,56283.java,97,119,,F
sample,UnZip.java,46,83,Q
selected,891591.java,25,52,,F
selected,2451225.java,102,131,,F
selected,138101.java,118,147,,F
selected,1358554.java,17,36,,F
selected,2708585.java,598,638,,F
selected,1504515.java,130,156,,F
selected,156891.java,24,45,,F
selected,1729199.java,104,147,3,T
selected,2103267.java,15,77,,F
selected,1117559.java,89,110,,F
selected,992903.java,21,40,,F
selected,588580.java,194,269,,F
selected,1270152.java,139,174,,F
default,132256.java,29,65,,F
default,109059.java,29,65,,F
sample,ConvertDateFormat.java,8,19,Q
sample,ConvertDateFormat.java,8,19,1,T
selected,75755.java,28,38,,F
selected,694614.java,278,291,,F
selected,697261.java,222,235,,F
selected,2448177.java,130,141,,F
selected,2355301.java,132,143,,F
selected,125497.java,20,29,,F
selected,2448177.java,44,55,,F
selected,2355301.java,46,57,,F
selected,2576261.java,46,57,,F
selected,2448177.java,94,105,,F
selected,2355301.java,96,107,,F
selected,2355301.java,145,156,,F
selected,2576261.java,132,143,,F
selected,694614.java,300,310,,F
sample,SetUpGraphicalViewerSelectionEventHandler.java,2,9,Q
sample,SetUpGraphicalViewerSelectionEventHandler.java,2,9,1,T
selected,1861857.java,18,32,3,T
selected,597617.java,334,341,,F
selected,2194550.java,346,353,,F
selected,118500.java,336,343,,F
selected,2644843.java,43,53,,F
selected,1148294.java,64,71,,F
selected,1717201.java,66,77,,F
selected,811805.java,72,83,,F
selected,2016886.java,161,175,,F
selected,1338880.java,154,168,,F
selected,283402.java,200,213,,F
selected,2032324.java,115,128,,F
selected,2432947.java,46,54,,F
selected,1677433.java,86,94,,F
sample,XMPPSendMessage.java,10,26,Q
selected,2646196.java,22,34,3,T
sample,XMPPSendMessage.java,10,26,1,T
selected,652416.java,81,92,3,T
selected,2727082.java,97,112,3,T
selected,1989886.java,22,44,3,T
selected,2383306.java,27,40,3,T
selected,510678.java,21,45,3,T
selected,1260121.java,22,42,3,T
selected,1246248.java,27,41,3,T
selected,833807.java,118,146,3,T
selected,172245.java,28,43,3,T
selected,2039854.java,31,105,3,T
selected,1964860.java,41,55,3,T
selected,1320309.java,16,21,3,T
selected,1517373.java,67,91,3,T
sample,FTP_ApacheCommonsNet_Samples.java,18,23,Q
sample,FTP_ApacheCommonsNet_Samples.java,33,38,3,T
selected,756989.java,34,43,,F
selected,1000320.java,32,41,,F
sample,FTP_ApacheCommonsNet_Samples.java,55,60,3,T
sample,FTP_ApacheCommonsNet_Samples.java,62,67,3,T
sample,FTP_FTP4J_Samples.java,15,20,3,T
sample,FTP_ApacheCommonsNet_Samples.java,18,23,1,T
selected,872169.java,52,60,3,T
sample,FTP_ApacheCommonsNet_Samples.java,47,53,3,T
selected,502121.java,187,209,3,T
selected,1620218.java,280,289,3,T
sample,FTP_ApacheCommonsNet_Samples.java,69,75,3,T
selected,2441554.java,47,77,,F
selected,305499.java,19,27,3,T
sample,FTP_ApacheCommonsNet_Samples.java,11,16,3,T
sample,FileChooser.java,9,36,Q
sample,FileChooser.java,9,36,1,T
selected,285082.java,277,291,,F
selected,1443270.java,8,17,,F
selected,515307.java,145,154,,F
selected,474673.java,134,142,,F
selected,1576998.java,208,217,,F
selected,114403.java,156,164,,F
selected,1578660.java,655,673,,F
selected,2184113.java,75,93,,F
selected,1729645.java,53,68,,F
selected,2289505.java,62,73,,F
selected,1716332.java,84,97,,F
selected,2610848.java,135,150,,F
selected,8551.java,111,121,,F
selected,450485.java,141,156,,F
sample,ParseCSVFile.java,11,26,Q
selected,1403014.java,59,80,,F
selected,402009.java,67,111,,F
selected,2240712.java,131,145,,F
default,99267.java,49,73,,F
default,54703.java,37,71,3,T
default,27311.java,37,71,3,T
selected,1375316.java,209,231,,F
default,730.java,150,189,,F
default,69214.java,150,189,,F
selected,1384659.java,108,135,,F
selected,662109.java,54,111,,F
selected,74059.java,295,357,,F
selected,1810115.java,192,201,,F
selected,2378976.java,34,60,,F
selected,781454.java,71,83,,F
sample,PrimeFactors.java,18,28,Q
selected,687118.java,43,60,,F
selected,2497177.java,52,87,,F
selected,1755901.java,17,22,,F
selected,46769.java,46,59,,F
selected,2678037.java,19,59,,F
selected,1784153.java,19,59,,F
selected,1085396.java,19,59,,F
selected,809529.java,19,53,,F
selected,2282485.java,19,53,,F
selected,1872479.java,19,53,,F
selected,143048.java,19,53,,F
selected,2293158.java,1107,1145,,F
selected,213874.java,1107,1145,,F
selected,1254189.java,1107,1145,,F
selected,1136418.java,152,164,,F
sample,ParseXML2Dom.java,36,47,Q
sample,ParseXML2Dom.java,36,47,1,T
selected,105192.java,74,94,,F
default,4208.java,74,119,3,T
selected,2648208.java,115,162,,F
selected,2055740.java,265,293,,F
default,103.java,143,220,3,T
selected,777569.java,260,318,,F
selected,1451132.java,24,86,,F
selected,746748.java,122,145,,F
selected,173249.java,95,136,,F
selected,642686.java,20,59,,F
selected,1144492.java,59,87,,F
selected,20585.java,110,132,,F
selected,1867390.java,30,125,,F
selected,1387478.java,30,125,,F
sample,BubbleSort.java,201,217,Q
selected,1461121.java,21,30,,F
selected,2380664.java,277,309,,F
selected,352441.java,215,242,,F
selected,2140970.java,28,58,,F
default,51560.java,874,900,,F
selected,1348198.java,218,227,,F
selected,1466254.java,269,285,,F
selected,2467423.java,201,227,,F
selected,1152743.java,46,100,,F
selected,1466254.java,291,307,,F
selected,657042.java,211,223,,F
selected,2645125.java,244,251,,F
selected,747892.java,421,432,,F
selected,1218275.java,103,114,,F
selected,2616037.java,549,560,,F
sample,ResizeObjectArray.java,2,14,Q
selected,1820558.java,8,15,3,T
selected,1366996.java,174,181,3,T
selected,420047.java,148,155,3,T
selected,92861.java,191,198,3,T
selected,653668.java,167,174,3,T
selected,62556.java,83,90,3,T
selected,2577087.java,41,49,3,T
selected,2542923.java,55,62,3,T
selected,2211592.java,285,292,3,T
selected,1727686.java,162,169,3,T
selected,530339.java,36,47,3,T
selected,1549754.java,28,37,3,T
selected,125045.java,192,202,3,T
selected,1171071.java,18,25,,F
selected,69818.java,60,67,3,T
sample,CreateJavaProject.java,16,42,Q
sample,CreateJavaProject.java,16,42,1,T
selected,930644.java,64,107,,F
selected,2683343.java,77,117,3,T
selected,791524.java,64,108,,F
selected,2254651.java,416,447,,F
selected,1001615.java,416,447,,F
selected,1201356.java,61,92,3,T
selected,223344.java,75,121,3,T
selected,449652.java,180,202,,F
selected,2448991.java,51,101,,F
selected,448076.java,301,328,3,T
selected,2328834.java,47,81,,F
selected,2191998.java,35,86,3,T
selected,1359154.java,171,224,3,T
selected,2162468.java,75,126,,F
sample,CopyFileSamples.java,71,79,Q
selected,38712.java,8,31,,F
selected,1830236.java,18,40,3,T
selected,2441147.java,231,241,3,T
selected,553641.java,12,20,,F
selected,1556441.java,24,32,,F
selected,933430.java,26,50,,F
selected,69220.java,355,368,,F
selected,1555111.java,15,37,,F
selected,2404007.java,50,62,,F
selected,2373515.java,25,37,,F
selected,965904.java,71,86,,F
selected,357931.java,25,78,,F
selected,1854591.java,27,80,,F
selected,851372.java,27,38,,F
selected,1146933.java,86,106,,F
sample,FTP_ApacheCommonsNet_Samples.java,11,16,Q
selected,872169.java,52,60,3,T
sample,FTP_ApacheCommonsNet_Samples.java,47,53,3,T
sample,FTP_ApacheCommonsNet_Samples.java,40,45,3,T
sample,FTP_ApacheCommonsNet_Samples.java,11,16,1,T
selected,756989.java,34,43,,F
selected,1000320.java,32,41,,F
selected,502121.java,187,209,3,T
sample,FTP_FTP4J_Samples.java,22,27,3,T
selected,2441554.java,47,77,,F
sample,FTP_ApacheCommonsNet_Samples.java,62,67,3,T
sample,FTP_ApacheCommonsNet_Samples.java,55,60,3,T
selected,1620218.java,280,289,3,T
selected,1111640.java,57,74,3,T
selected,831194.java,164,228,,F
selected,221058.java,184,229,3,T
sample,ScreenShot.java,14,20,Q
selected,2525817.java,349,361,3,T
selected,2457523.java,52,61,3,T
selected,2514309.java,19,31,,F
selected,1227232.java,347,365,3,T
selected,1192237.java,25,33,,F
selected,2364940.java,31,40,3,T
selected,2071198.java,82,91,3,T
selected,1663941.java,36,49,3,T
selected,1162973.java,20,34,,F
selected,1945464.java,135,148,3,T
selected,2193420.java,158,171,3,T
default,45575.java,19,32,3,T
selected,1584928.java,197,209,3,T
selected,1178310.java,391,403,3,T
selected,934365.java,44,64,3,T
sample,DownloadWebpage.java,20,30,Q
selected,1943444.java,90,114,3,T
selected,480614.java,14,41,,F
selected,2222568.java,107,116,3,T
selected,587075.java,555,575,3,T
selected,1869887.java,24,46,,F
selected,1348519.java,100,149,3,T
selected,1958339.java,74,96,,F
selected,853751.java,12,22,,F
selected,1298162.java,13,27,,F
selected,13872.java,94,109,3,T
selected,1030847.java,51,60,,F
selected,1869887.java,48,69,,F
selected,1776101.java,457,479,3,T
selected,1125815.java,166,196,3,T
selected,421680.java,25,48,3,T
sample,GCD.java,24,32,Q
selected,1322429.java,1023,1045,,F
selected,112087.java,17,27,,F
selected,1898130.java,371,379,,F
selected,224656.java,441,456,,F
selected,1297932.java,205,212,,F
selected,907011.java,11,16,,F
selected,1878444.java,11,16,,F
selected,1106479.java,5,12,,F
selected,2349972.java,411,429,,F
default,42487.java,134,141,3,T
selected,2541036.java,233,243,,F
selected,275270.java,20,33,3,T
selected,1728583.java,86,101,,F
selected,955923.java,11,18,,F
selected,895458.java,11,18,,F
sample,TransposeMatrix.java,4,12,Q
selected,2309315.java,449,462,,F
selected,2475844.java,458,463,3,T
selected,1546905.java,184,196,,F
selected,1546905.java,148,161,,F
selected,1987821.java,132,141,3,T
selected,859338.java,33,46,,F
selected,447765.java,484,497,,F
selected,935488.java,184,193,3,T
selected,1433610.java,13,35,,F
selected,1567918.java,204,216,,F
selected,2012808.java,28,62,,F
selected,2202763.java,190,205,,F
selected,1880972.java,189,204,,F
selected,1880284.java,382,391,3,T
selected,900584.java,444,453,3,T
sample,PlaySound.java,21,26,Q
selected,2722993.java,42,47,,F
selected,1727677.java,46,52,,F
selected,1727677.java,26,31,,F
selected,2334486.java,89,97,,F
selected,1811502.java,42,48,,F
selected,2370516.java,18,25,,F
selected,1351692.java,26,41,,F
selected,2334486.java,70,76,,F
default,84453.java,21,37,,F
selected,1334850.java,31,45,3,T
selected,2463850.java,34,46,,F
selected,2727201.java,39,54,,F
selected,695761.java,9,35,,F
selected,1298966.java,67,80,,F
selected,2361511.java,282,297,,F
sample,BubbleSort.java,238,254,Q
selected,260759.java,19,33,,F
selected,260759.java,44,60,,F
default,120457.java,10,28,,F
selected,1465507.java,244,261,,F
selected,1316327.java,236,253,,F
selected,697222.java,163,174,,F
selected,413554.java,246,254,,F
selected,717722.java,95,105,,F
selected,1110104.java,103,113,,F
default,60017.java,67,77,,F
default,39329.java,67,77,,F
selected,1559389.java,351,357,,F
selected,1529115.java,41,49,,F
selected,717722.java,77,87,,F
selected,1110104.java,85,95,,F
sample,CallMethodUsingReflection.java,47,52,Q
sample,CallMethodUsingReflection.java,47,52,1,T
sample,CallMethodUsingReflection.java,28,45,3,T
selected,313382.java,310,342,,F
selected,1754394.java,8,16,,F
selected,1980784.java,146,158,,F
selected,599650.java,74,80,,F
selected,338940.java,58,66,,F
selected,328084.java,48,61,,F
selected,2024524.java,40,53,,F
selected,714636.java,19,25,,F
selected,2314628.java,11,16,,F
selected,162903.java,11,16,,F
selected,971667.java,56,63,,F
selected,27565.java,13,22,,F
selected,599650.java,64,72,,F
sample,PrimeFactors.java,6,16,Q
selected,687118.java,43,60,,F
selected,2497177.java,52,87,,F
selected,1755901.java,17,22,,F
selected,46769.java,46,59,,F
selected,2678037.java,19,59,,F
selected,1784153.java,19,59,,F
selected,1085396.java,19,59,,F
selected,809529.java,19,53,,F
selected,2282485.java,19,53,,F
selected,1872479.java,19,53,,F
selected,143048.java,19,53,,F
selected,2293158.java,1107,1145,,F
selected,213874.java,1107,1145,,F
selected,1254189.java,1107,1145,,F
selected,1136418.java,152,164,,F
sample,BinarySearch.java,32,46,Q
sample,BinarySearch.java,19,30,3,T
sample,BinarySearch.java,6,17,3,T
sample,BinarySearch.java,48,61,3,T
selected,108362.java,260,267,,F
selected,1259181.java,292,306,,F
selected,884088.java,346,414,,F
selected,32092.java,64,82,,F
selected,32092.java,47,62,,F
selected,275369.java,356,369,,F
selected,1190586.java,253,272,,F
selected,113171.java,80,207,,F
selected,163418.java,240,261,,F
selected,2735295.java,365,405,,F
selected,2588360.java,5,29,,F
selected,2145276.java,379,463,,F
sample,ZipFiles.java,11,39,Q
selected,2589479.java,441,458,3,T
selected,1015085.java,104,122,3,T
selected,2548597.java,109,147,3,T
selected,2174748.java,103,118,3,T
selected,1606414.java,964,974,3,T
selected,989930.java,67,78,3,T
selected,624262.java,98,115,3,T
selected,1562310.java,113,141,3,T
selected,899431.java,124,135,3,T
selected,2495537.java,99,116,3,T
selected,1606414.java,1079,1096,3,T
selected,304326.java,436,449,3,T
selected,761506.java,42,70,3,T
selected,606125.java,66,88,3,T
selected,2221992.java,25,58,3,T
sample,FileChooser.java,38,65,Q
sample,FileChooser.java,38,65,1,T
selected,285082.java,277,291,,F
selected,1802924.java,871,889,,F
selected,1443270.java,8,17,,F
selected,23673.java,277,291,,F
selected,1951603.java,395,406,,F
selected,515307.java,145,154,,F
selected,474673.java,134,142,,F
selected,1576998.java,208,217,,F
selected,114403.java,156,164,,F
selected,1816600.java,229,237,,F
selected,767511.java,60,70,,F
selected,1089866.java,24,29,,F
selected,1578660.java,655,673,,F
selected,1614206.java,381,392,,F
sample,BinarySearch.java,48,61,Q
sample,BinarySearch.java,19,30,3,T
sample,BinarySearch.java,6,17,3,T
default,120457.java,10,28,,F
selected,108362.java,260,267,,F
selected,1259181.java,292,306,,F
selected,2589151.java,23,36,,F
selected,884088.java,346,414,,F
selected,2703798.java,742,765,,F
selected,1559389.java,351,357,,F
selected,2168181.java,132,159,,F
selected,2338938.java,5,17,,F
selected,1028764.java,1281,1288,,F
selected,2703798.java,767,796,,F
selected,1559389.java,324,330,,F
selected,697222.java,49,76,,F
sample,FTP_FTP4J_Samples.java,15,20,Q
sample,FTP_FTP4J_Samples.java,22,27,3,T
sample,FTP_FTP4J_Samples.java,15,20,1,T
selected,756989.java,34,43,,F
selected,1000320.java,32,41,,F
selected,2032756.java,62,82,3,T
selected,872169.java,52,60,3,T
sample,FTP_ApacheCommonsNet_Samples.java,47,53,3,T
selected,1111640.java,57,74,3,T
selected,617041.java,40,50,,F
sample,FTP_ApacheCommonsNet_Samples.java,40,45,3,T
selected,502121.java,187,209,3,T
selected,536984.java,85,115,,F
selected,2069789.java,92,117,3,T
selected,714671.java,51,86,3,T
sample,FTP_ApacheCommonsNet_Samples.java,25,31,3,T
